Workbook
Name koralbeton: #REF!
Name bbm: #REF!
Name zzz: #REF!
Name ubinmosaik3030: #REF!
Name _818FA: #REF!
Name rincian: #REF!
Name R56..: #REF!
Name ___DIV2: #REF!
Name venetionblinds: #REF!
Name sementahanasam: #REF!
Name _______MMM42: #REF!
Name bakkontrol: #REF!
Name L: #REF!
Name sdg: #REF!
Name rollingdoor: #REF!
Name ________DIV4: #REF!
Name ________HAL6: #REF!
Name kiki: #REF!
Name kayuterentang: #REF!
Name ______DIV8: #REF!
Name besi10.sii: #REF!
Name kaca.p.5: #REF!
Name URAIAN94: #REF!
Name plamur.matex: #REF!
Name kayujati: #REF!
Name ubinkeramikartistik1010: #REF!
Name _____DIV10: #REF!
Name Kunci1: #REF!
Name ________DIV10: #REF!
Name multi.18: #REF!
Name gymfloor: #REF!
Name jendelanako: #REF!
Name SPJ: #REF!
Name w: #REF!
Name _MMM36: #REF!
Name FORM841: #REF!
Name pakuhalus: #REF!
Name washtafel: #REF!
Name cycllop: #REF!
Name __MMM29: #REF!
Name bubungangentengkodok: #REF!
Name _MMM32: #REF!
Name _tl2: #REF!
Name rollingdoor: #REF!
Name ubinkeramik1033: #REF!
Name UPAH: #REF!
Name URAIAN7614b: #REF!
Name ______HAL5: #REF!
Name __LLL01: #REF!
Name waterstop150: #REF!
Name ubingranito40: #REF!
Name pasirsilika: #REF!
Name ________MMM03: #REF!
Name _________HAL4: #REF!
Name papanjelutung: #REF!
Name kayutembesu: #REF!
Name sodaapi: #REF!
Name tanggal: #REF!
Name urugantanah: #REF!
Name P: #REF!

Sheet 01. Dinas Pendidikan
A2: KARTU INVENTARIS BARANG ( KIB )
A3: B. PERALATAN MESIN ( KENDARAAN RODA 4 ( EMPAT ) DAN 2 ( DUA )
A6: PEMERINTAH PROVINSI | C6: : JAMBI
A7: KABUPATEN / KOTA | C7: : MUARO JAMBI
A8: UNIT ORGANISASI | C8: : DINAS PENDIDIKAN
A9: no | B9: spesifikasi | C9: spesifikasi_lainnya | D9: unit_kerja | E9: kondisi | F9: harga | G9: merk | H9: tahun | I9: no_polisi | J9: no_rangka | K9: no_Mesin | L9: no bpkb | M9: keterangan | N9: pengguna
B10: KENDARAAN BERMOTOR PENUMPANG | F10: =SUBTOTAL(9,F11:F18) -> 1516300000
A11: 1 | B11: Mini Bus | C11: Ada | D11: Dinas Pendidikan dan Kebudayaan | E11: Rusak Berat | F11: 70000000 | G11: Isuzu TBR541 LV25 | H11: 2000 | I11: BH 1140 G EX BH 441 GZ | J11: MHCTBR54BYK083723 | K11: E083723 | L11: A-9091859 | M11: Plat Baru BH 1140 G | N11: Bambang Wigiyanto, A.Md Bendahara Pengeluaran
A12: 2 | B12: Mini Bus | C12: Ada | D12: Dinas Pendidikan dan Kebudayaan | E12: Rusak Berat | F12: 126200000 | G12: Daihatsu Terrios TS | H12: 2007 | I12: BH 1060 GZ | J12: MHKG2CJIJK001781 | K12: DAE1521 | L12: E-6734067
A13: 3 | B13: Mini Bus | C13: Ada | D13: Dinas Pendidikan dan Kebudayaan | E13: Kurang Baik | F13: 206250000 | G13: Mitsubitshi L.300+AC | H13: 2012 | I13: BH 1158 GZ | J13: MHML0WY39CK007241 | K13: 4D56C-H54440 | L13: J-03565887 | N13: Pengurus Barang Pengguna
A14: 4 | B14: Minibus Double Cabin | C14: Ada | D14: Dinas Pendidikan dan Kebudayaan | E14: Kurang Baik | F14: 160000000 | G14: Suzuki APV | H14: 2012 | I14: BH 1160 GZ | J14: MHYGDN42VCJ-368299 | K14: G15AID-257750 | L14: J-03571868 | N14: Agustiarso Kasubag Umum dan Kepegawaian
A15: 5 | B15: Mini Bus | C15: Ada | D15: Dinas Pendidikan dan Kebudayaan | E15: Kurang Baik | F15: 214950000 | G15: Rush tipe 1,56 M/T | H15: 2014 | I15: BH 1232 G EX BH 1203 GZ | J15: MHFE2CJ2JEK043744 | K15: 3SZ-DEG1618 | L15: K-06089680 | M15: BH 1232 G | N15: Kabid PAUD dan PNF
A16: 6 | B16: Mini Bus | C16: Ada | D16: Dinas Pendidikan dan Kebudayaan | E16: Rusak Berat | F16: 214950000 | G16: Rush tipe 1,56 M/T | H16: 2014 | I16: BH 1231 G EX BH 1202 GZ | J16: MHFE2CJ2JEK043454 | K16: 3SZ-DEF5612 | L16: K-06089679 | M16: BH 1231 G
A17: 7 | B17: Mini Bus | C17: Ada | D17: Dinas Pendidikan dan Kebudayaan | E17: Baik | F17: 233950000 | G17: Rush tipe 1,56 M/T | H17: 2017 | I17: BH 1006 G | J17: MHFE2CJ2JHK056691 | K17: 3SZDGE3070 | L17: L-10936516 | N17: Kabid SMP
A18: 8 | B18: Mini Bus | D18: Dinas Pendidikan dan Kebudayaan | E18: Kurang Baik | F18: 290000000 | G18: Wulling Cortez 1.5L LUX+CVT | H18: 2019 | I18: BH 1069 G | N18: Sekretaris
B19: ALAT ANGKUTAN BARANG | F19: =SUBTOTAL(9,F20:F21) -> 652911000
A20: 9 | B20: Pick Up Double Cabin | C20: Ada | D20: Dinas Pendidikan dan Kebudayaan | E20: Kurang Baik | F20: 299800000 | G20: Mitsubishi Strada | H20: 2009 | I20: BH 8113 G EX BH 9326 GZ | J20: MMBJN2409D033303 | K20: 4D56UCBL7100 | L20: F-8112119 | M20: BH 8113 G | N20: Kasi Kelembagaan dan Sarana Prasarana SD
A21: 10 | B21: Pick Up Double Cabin | C21: Ada | D21: Dinas Pendidikan dan Kebudayaan | E21: Kurang Baik | F21: 353111000 | G21: Ford | H21: 2013 | I21: BH 8093 G EX BH 9352 GZ | J21: MNBLMFF80CW140661 | K21: P4AT1046052 | L21: K-00103962 | M21: BH 8093 G | N21: Kabid SD
B22: KENDARAAN BERMOTOR BERODA DUA | F22: =SUBTOTAL(9,F23:F176) -> 2464728000
A23: 1 | B23: Sepeda Motor | D23: Dinas Pendidikan dan Kebudayaan | E23: Baik | F23: 1500000 | G23: Suzuki Bravo | H23: 1993 | I23: BH 5428 AZ | J23: MHDA100VxDJ274054 | K23: A100.ID.161536
A24: 2 | B24: Sepeda Motor | D24: Dinas Pendidikan dan Kebudayaan | E24: Baik | F24: 1500000 | G24: Suzuki Bravo | H24: 1993 | I24: BH 7948 AZ | J24: MHDA100VxDS274243 | K24: A100.ID.161699
A25: 3 | B25: Sepeda Motor | D25: Dinas Pendidikan dan Kebudayaan | E25: Baik | F25: 1500000 | G25: Suzuki A100 | H25: 1994 | I25: BH 8001 AZ | J25: MHDA100VxPJ274210 | K25: A100.ID.161665
A26: 4 | B26: Sepeda Motor | D26: Dinas Pendidikan dan Kebudayaan | E26: Baik | F26: 1500000 | G26: Suzuki Bravo | H26: 1994 | I26: BH 8054 AZ | J26: MHDRC100PPJ.112304 | K26: E104.ID335552
A27: 5 | B27: Sepeda Motor | D27: Dinas Pendidikan dan Kebudayaan | E27: Baik | F27: 1500000 | G27: Suzuki A100 | H27: 1994 | I27: BH 7945 AZ | J27: MHDA100VxPJ274302 | K27: A100.ID.161750
A28: 6 | B28: Sepeda Motor | D28: Dinas Pendidikan dan Kebudayaan | E28: Baik | F28: 1500000 | G28: Suzuki Bravo | H28: 1995 | I28: BH 7947 AZ | J28: MHDA100VxB | K28: A100.10161.728
A29: 7 | B29: Sepeda Motor | D29: Dinas Pendidikan dan Kebudayaan | E29: Baik | F29: 1500000 | G29: Suzuki Bravo | H29: 1995 | I29: BH 8030 AZ | J29: MHJA100VPJ274325 | K29: A100.70161.156
A30: 8 | B30: Sepeda Motor | D30: Dinas Pendidikan dan Kebudayaan | E30: Baik | F30: 2000000 | G30: Suzuki A100 | H30: 1996 | I30: BH 5386 AZ | J30: MHDA1006x0635720 | K30: A10016215411
A31: 9 | B31: Sepeda Motor | D31: Dinas Pendidikan dan Kebudayaan | E31: Baik | F31: 2000000 | G31: Suzuki Bravo | H31: 1997 | I31: BH 8034 AZ
A32: 10 | B32: Sepeda Motor | D32: Dinas Pendidikan dan Kebudayaan | E32: Baik | F32: 2000000 | G32: Suzuki A100 | H32: 1997 | I32: BH 5383 AZ | J32: MHDA100VxVJ.338704 | K32: A100.ID.215446
A33: 11 | B33: Sepeda Motor | D33: Dinas Pendidikan dan Kebudayaan | E33: Baik | F33: 2000000 | G33: Suzuki A100 | H33: 1997 | I33: BH 8031 HZ | J33: MHDA100VxPJ
A34: 12 | B34: Sepeda Motor | D34: Dinas Pendidikan dan Kebudayaan | E34: Baik | F34: 2000000 | G34: Suzuki Bravo | H34: 1997 | I34: BH 9545 HZ | J34: MHDRC.100 PVJ/329385 | K34: E.104-10-551398
A35: 13 | B35: Sepeda Motor | D35: Dinas Pendidikan dan Kebudayaan | E35: Baik | F35: 2000000 | G35: Suzuki Bravo | H35: 1997 | I35: BH 8124 AZ | J35: MHDA100.VxVY538527 | K35: A100.ID.215235
A36: 14 | B36: Sepeda Motor | C36: Ada | D36: Dinas Pendidikan dan Kebudayaan | E36: Rusak Berat | F36: 8000000 | G36: Honda Win | H36: 2005 | I36: BH 5315 GZ | J36: MH1HABD155K119070 | K36: HABDE-1118239 | L36: D-5514963 | N36: Gudang
A37: 15 | B37: Sepeda Motor | C37: Ada | D37: Dinas Pendidikan dan Kebudayaan | E37: Rusak Berat | F37: 8000000 | G37: Honda Win | H37: 2005 | I37: BH 5318 GZ | J37: MH1HABD165K118400 | K37: HABDE-1118272 | L37: D-5514956 | N37: Gudang
A38: 16 | B38: Sepeda Motor | C38: Ada | D38: Dinas Pendidikan dan Kebudayaan | E38: Rusak Berat | F38: 8000000 | G38: Honda Win | H38: 2005 | I38: BH 5317 GZ | J38: MH1HABD165K119269 | K38: HABDE-1118838 | L38: D-5514955 | N38: Gudang
A39: 17 | B39: Sepeda Motor | C39: Ada | D39: Dinas Pendidikan dan Kebudayaan | E39: Rusak Berat | F39: 8000000 | G39: Honda Win | H39: 2005 | I39: BH 5316 GZ | J39: MH1HABD175K119152 | K39: HABDE-1118647 | L39: D-5514964 | N39: Gudang
A40: 18 | B40: Sepeda Motor | C40: Ada | D40: Dinas Pendidikan dan Kebudayaan | E40: Rusak Berat | F40: 9550000 | G40: Honda Supra Fit | H40: 2007 | I40: BH 5586 GZ | J40: MH1HB32127K316352 | K40: HB32E-1313071 | L40: E-7787714 | N40: Gudang
A41: 19 | B41: Sepeda Motor | C41: Ada | D41: Dinas Pendidikan dan Kebudayaan | E41: Rusak Berat | F41: 9550000 | G41: Honda Supra Fit | H41: 2007 | I41: BH 5587 GZ | J41: MH1HB32147K316448 | K41: HB32E-1313078 | L41: E-7787704 | N41: Gudang
A42: 20 | B42: Sepeda Motor | C42: Ada | D42: Dinas Pendidikan dan Kebudayaan | E42: Rusak Berat | F42: 9550000 | G42: Honda Supra Fit | H42: 2007 | I42: BH 5622 GZ | J42: MH1HB32187K303136 | K42: HB32E-1295669 | L42: E-7787678 | N42: Gudang
A43: 21 | B43: Sepeda Motor | C43: Ada | D43: Dinas Pendidikan dan Kebudayaan | E43: Rusak Berat | F43: 9550000 | G43: Honda Supra Fit | H43: 2007 | I43: BH 5592 GZ | J43: MH1HB32157K300243 | K43: HB32E-1278496 | L43: E-7787668 | N43: Gudang
A44: 22 | B44: Sepeda Motor | C44: Ada | D44: Dinas Pendidikan dan Kebudayaan | E44: Rusak Berat | F44: 9550000 | G44: Honda Supra Fit | H44: 2007 | I44: BH 5608 GZ | J44: MH1HB32147K301366 | K44: HB32E-1293932 | L44: E-7787718 | N44: Gudang
A45: 23 | B45: Sepeda Motor | C45: Ada | D45: Dinas Pendidikan dan Kebudayaan | E45: Rusak Berat | F45: 9550000 | G45: Honda Supra Fit | H45: 2007 | I45: BH 5602 GZ | J45: MH1HB32167K297241 | K45: HB32E-1290167 | L45: E-7787733 | N45: Gudang
A46: 24 | B46: Sepeda Motor | D46: Dinas Pendidikan dan Kebudayaan | E46: Rusak Berat | F46: 9550000 | G46: Honda Supra Fit | H46: 2007 | I46: BH 5545 GZ | J46: MH1HB32117K316360 | K46: HB32E-1309155 | L46: E-7787712 | N46: Gudang
A47: 25 | B47: Sepeda Motor | C47: Ada | D47: Dinas Pendidikan dan Kebudayaan | E47: Rusak Berat | F47: 9550000 | G47: Honda Supra Fit | H47: 2007 | I47: BH 5601 GZ | J47: MH1HB321x7K301128 | K47: HB32E-1294103 | L47: E-7787666 | N47: Gudang
A48: 26 | B48: Sepeda Motor | C48: Ada | D48: Dinas Pendidikan dan Kebudayaan | E48: Rusak Berat | F48: 9550000 | G48: Honda Supra Fit | H48: 2007 | I48: BH 5616 GZ | J48: MH1HB32177K303113 | K48: HB32E-1295397 | L48: E-7787690 | N48: Gudang
A49: 27 | B49: Sepeda Motor | C49: Ada | D49: Dinas Pendidikan dan Kebudayaan | E49: Rusak Berat | F49: 9550000 | G49: Honda Supra Fit | H49: 2007 | I49: BH 5624 GZ | J49: MH1HB32147K303134 | K49: HB32E-1295662 | L49: E-7787689 | N49: Gudang
A50: 28 | B50: Sepeda Motor | C50: Ada | D50: Dinas Pendidikan dan Kebudayaan | E50: Rusak Berat | F50: 9550000 | G50: Honda Supra Fit | H50: 2007 | I50: BH 5596 GZ | J50: MH1HB32127K301138 | K50: HB32E-1294209 | L50: E-7787729 | N50: Gudang
A51: 29 | B51: Sepeda Motor | C51: Ada | D51: Dinas Pendidikan dan Kebudayaan | E51: Rusak Berat | F51: 9550000 | G51: Honda Supra Fit | H51: 2007 | I51: BH 5614 GZ | J51: MH1HB32157K316457 | K51: HB32E-1309156 | L51: E-7787707 | N51: Gudang
A52: 30 | B52: Sepeda Motor | C52: Ada | D52: Dinas Pendidikan dan Kebudayaan | E52: Rusak Berat | F52: 9550000 | G52: Honda Supra Fit | H52: 2007 | I52: BH 5585 GZ | J52: MH1HB32137K297441 | K52: HB32E-1290121 | L52: E-7787673 | N52: Gudang
A53: 31 | B53: Sepeda Motor | C53: Ada | D53: Dinas Pendidikan dan Kebudayaan | E53: Kurang Baik | F53: 9550000 | G53: Honda Supra Fit | H53: 2007 | I53: BH 5584 GZ | J53: MH1HB32127K275804 | K53: HB32E-1259918 | L53: E-7787728 | N53: Ripto, S. Pd Koorwil Sungai Gelam
A54: 32 | B54: Sepeda Motor | C54: Ada | D54: Dinas Pendidikan dan Kebudayaan | E54: Rusak Berat | F54: 9550000 | G54: Honda Supra Fit | H54: 2007 | I54: BH 5549 GZ | J54: MH1HB32167K301384 | K54: HB32E-1293942 | L54: E-7787539 | N54: Gudang
A55: 33 | B55: Sepeda Motor | C55: Ada | D55: Dinas Pendidikan dan Kebudayaan | E55: Rusak Berat | F55: 9550000 | G55: Honda Supra Fit | H55: 2007 | I55: BH 5550 GZ | J55: MH1HB32137K301147 | K55: HB32E-1293409 | L55: E-7787700 | N55: Gudang
A56: 34 | B56: Sepeda Motor | C56: Ada | D56: Dinas Pendidikan dan Kebudayaan | E56: Rusak Berat | F56: 9550000 | G56: Honda Supra Fit | H56: 2007 | I56: BH 5582 GZ | J56: MH1HB32147K301478 | K56: HB32E-1293880 | L56: E-7787720 | N56: Gudang
A57: 35 | B57: Sepeda Motor | C57: Ada | D57: Dinas Pendidikan dan Kebudayaan | E57: Rusak Berat | F57: 9550000 | G57: Honda Supra Fit | H57: 2007 | I57: BH 5581 GZ | J57: MH1HB32117K301356 | K57: HB32E-1293892 | L57: E-7787730 | N57: Gudang
A58: 36 | B58: Sepeda Motor | C58: Ada | D58: Dinas Pendidikan dan Kebudayaan | E58: Rusak Berat | F58: 9550000 | G58: Honda Supra Fit | H58: 2007 | I58: BH 5627 GZ | J58: MH1HB32187K315920 | K58: HB32E-1313237 | L58: E-7787699 | N58: Gudang
... A70: 48 | B70: Sepeda Motor | C70: Ada | D70: Dinas Pendidikan dan Kebudayaan | E70: Kurang Baik | F70: 9550000 | G70: Honda Supra Fit | H70: 2007 | I70: BH 5612 GZ | J70: MH1HB32117K303267 | K70: HB32E-1293265 | L70: E-7787716 | N70: Ade Rizki Syaputra Staf Bidang SMP
A71: 49 | B71: Sepeda Motor | D71: Dinas Pendidikan dan Kebudayaan | E71: Rusak Berat | F71: 9550000 | G71: Honda Supra Fit | H71: 2007 | I71: BH 5573 GZ | J71: MH1HB32187K303007 | K71: HB32E-1295041 | L71: E-7787670 | N71: Gudang
A72: 50 | B72: Sepeda Motor | C72: Ada | D72: Dinas Pendidikan dan Kebudayaan | E72: Rusak Berat | F72: 9550000 | G72: Honda Supra Fit | H72: 2007 | I72: BH 5551 GZ | J72: MH1HB321x7K301470 | K72: HB32E-1293805 | L72: E-7787542 | N72: Gudang
A73: 51 | B73: Sepeda Motor | C73: Ada | D73: Dinas Pendidikan dan Kebudayaan | E73: Rusak Berat | F73: 9550000 | G73: Honda Supra Fit | H73: 2007 | I73: BH 5572 GZ | J73: MH1HB32107K301123 | K73: HB32E-1294207 | L73: E-7787674 | N73: Gudang
A74: 52 | B74: Sepeda Motor | D74: Dinas Pendidikan dan Kebudayaan | E74: Rusak Berat | F74: 9550000 | G74: Honda Supra Fit | H74: 2007 | I74: BH 5546 GZ | J74: MH1HB32187K316467 | K74: HB32E-1309194 | N74: Gudang
A75: 53 | B75: Sepeda Motor | C75: Ada | D75: Dinas Pendidikan dan Kebudayaan | E75: Rusak Berat | F75: 9550000 | G75: Honda Supra Fit | H75: 2007 | I75: BH 5617 GZ | J75: MH1HB32197K316459 | K75: HB32E-1309107 | L75: E-7787709 | N75: Toto Wariyo, S. Pd Penilik PLS Kec. Mestong
A76: 54 | B76: Sepeda Motor | C76: Ada | D76: Dinas Pendidikan dan Kebudayaan | E76: Rusak Berat | F76: 9550000 | G76: Honda Supra Fit | I76: BH 5605 GZ | J76: MH1HB32147K315929 | K76: HB32E-1313200 | L76: E-7787727 | N76: Gudang
A77: 55 | B77: Sepeda Motor | C77: Ada | D77: Dinas Pendidikan dan Kebudayaan | E77: Kurang Baik | F77: 9550000 | G77: Honda Supra Fit | H77: 2007 | I77: BH 5569 GZ | J77: MH1HB321x7K316440 | K77: HB32E-1313074 | L77: E-7787711 | N77: Reno Harianda, S.Pd Staf Sekretaris
A78: 56 | B78: Sepeda Motor | C78: Ada | D78: Dinas Pendidikan dan Kebudayaan | E78: Kurang Baik | F78: 9550000 | G78: Honda Supra Fit | H78: 2007 | I78: BH 5560 GZ | J78: MH1HB32177K301457 | K78: HB32E-1293848 | L78: E-7787684 | N78: Sahrul Staf Sekretaris
A79: 57 | B79: Sepeda Motor | C79: Ada | D79: Dinas Pendidikan dan Kebudayaan | E79: Rusak Berat | F79: 9550000 | G79: Honda Supra Fit | H79: 2007 | I79: BH 5595 GZ | J79: MH1HB32147K316353 | K79: HB32E-1313063 | L79: E-7787703 | N79: Gudang
A80: 58 | B80: Sepeda Motor | C80: Ada | D80: Dinas Pendidikan dan Kebudayaan | E80: Kurang Baik | F80: 9550000 | G80: Honda Supra Fit | H80: 2007 | I80: BH 5620 GZ | J80: MH1HB321x7K301355 | K80: HB32E-1293900 | L80: E-7787726 | N80: Des Ardiansyah Staf Bidang SD
A81: 59 | B81: Sepeda Motor | C81: Ada | D81: Dinas Pendidikan dan Kebudayaan | E81: Rusak Berat | F81: 9550000 | G81: Honda Supra Fit | H81: 2007 | I81: BH 5559 GZ | J81: MH1HB32137K303271 | K81: HB32E-1295375 | L81: E-7787686 | N81: Gudang
A82: 60 | B82: Sepeda Motor | C82: Ada | D82: Dinas Pendidikan dan Kebudayaan | E82: Rusak Berat | F82: 9550000 | G82: Honda Supra Fit | H82: 2007 | I82: BH 5580 GZ | J82: MH1HB32157K301201 | K82: HB32E-1294163 | L82: E-7787677 | N82: Rudi Staf Sekretaris
A83: 61 | B83: Sepeda Motor | C83: Ada | D83: Dinas Pendidikan dan Kebudayaan | E83: Rusak Berat | F83: 9550000 | G83: Honda Supra Fit | H83: 2007 | I83: BH 5589 GZ | J83: MH1HB32177K316346 | K83: HB32E-1313122 | L83: E-7787710 | N83: Gudang
A84: 62 | B84: Sepeda Motor | C84: Ada | D84: Dinas Pendidikan dan Kebudayaan | E84: Rusak Berat | F84: 9550000 | G84: Honda Supra Fit | H84: 2007 | I84: BH 5607 GZ | J84: MH1HB32147K316188 | K84: HB32E-1309016 | L84: E-7787680 | N84: Gudang
A85: 63 | B85: Sepeda Motor | C85: Ada | D85: Dinas Pendidikan dan Kebudayaan | E85: Rusak Berat | F85: 9550000 | G85: Honda Supra Fit | H85: 2007 | I85: BH 5552 GZ | J85: MH1HB32167K301112 | K85: HB32E-1293599 | L85: E-7787675 | N85: Bahtera. S.Pd Penilik PLS Kec. Sungai Gelam
A86: 64 | B86: Sepeda Motor | C86: Ada | D86: Dinas Pendidikan dan Kebudayaan | E86: Kurang Baik | F86: 9550000 | G86: Honda Supra Fit | H86: 2007 | I86: BH 5548 GZ | J86: MH1HB32177K301362 | K86: HB32E-1293898 | L86: E-7787724 | N86: Khalik Penjaga Kantor
A87: 65 | B87: Sepeda Motor | C87: Ada | D87: Dinas Pendidikan dan Kebudayaan | E87: Rusak Berat | F87: 9550000 | G87: Honda Supra Fit | H87: 2007 | I87: BH 5610 GZ | J87: MH1HB32167K301207 | K87: HB32E-1293928 | L87: E-7787738 | N87: Gudang
A88: 66 | B88: Sepeda Motor | C88: Ada | D88: Dinas Pendidikan dan Kebudayaan | E88: Rusak Berat | F88: 9550000 | G88: Honda Supra Fit | H88: 2007 | I88: BH 5557 GZ | J88: MH1HB32187K301127 | K88: HB32E-1294239 | L88: E-7787688 | N88: Gudang
... A121: 99 | B121: Sepeda Motor | C121: Ada | D121: Dinas Pendidikan dan Kebudayaan | E121: Kurang Baik | F121: 22400000 | G121: Kawa14i | H121: 2012 | I121: BH 6145 GZ | J121: MH4LX150CCKP54683 | K121: LX150CEP84126 | L121: J-01552066 | N121: Sugiman, SE Kasi Kelembagaan dan Sarana Prasarana SD
A122: 100 | B122: Sepeda Motor | C122: Ada | D122: Dinas Pendidikan dan Kebudayaan | E122: Kurang Baik | F122: 14407333 | G122: Yamaha Jupiter Z | H122: 2013 | I122: BH 6304 GZ | J122: MH3IDY002DJI40418 | K122: IDY- 140433 | L122: K-03779664 | M122: Diknas | N122: Mubarid Staf Bidang SD
A123: 101 | B123: Sepeda Motor | C123: Ada | D123: Dinas Pendidikan dan Kebudayaan | E123: Kurang Baik | F123: 14407333 | G123: Yamaha Jupiter Z | H123: 2013 | I123: BH 6316 GZ | J123: MH3IDY005DJI193641 | K123: IDY- 193660 | L123: K-03781278 | M123: Diknas | N123: Hendra Gustian Staff Bidang PAUD
A124: 102 | B124: Sepeda Motor | C124: Ada | D124: Dinas Pendidikan dan Kebudayaan | E124: Kurang Baik | F124: 14407333 | G124: Yamaha Jupiter Z | H124: 2013 | I124: BH 6315 GZ | J124: MH3IDY005DJI93640 | K124: IDY- 193659 | L124: K-03781279 | M124: Diknas | N124: Cincun Supriadi Staf Sekretaris
A125: 103 | B125: Sepeda Motor | C125: Ada | D125: Dinas Pendidikan dan Kebudayaan | E125: Kurang Baik | F125: 14407333 | G125: Yamaha Jupiter Z | H125: 2013 | I125: BH 6307 GZ | J125: MH3IDY002DJI75766 | K125: IDY- 175770 | L125: K-03779685 | M125: Diknas | N125: M. Dodi, SE Kasi PTK PAUD dan Pendidikan Non Formal
A126: 104 | B126: Sepeda Motor | C126: Ada | D126: Dinas Pendidikan dan Kebudayaan | E126: Rusak Berat | F126: 14407333 | G126: Yamaha Jupiter Z | H126: 2013 | I126: BH 6301 GZ | J126: MH3IDY005DJ204114 | K126: IDY- 204132 | L126: K-03779669 | M126: Diknas | N126: Gudang
A127: 105 | B127: Sepeda Motor | C127: Ada | D127: Dinas Pendidikan dan Kebudayaan | E127: Rusak Berat | F127: 14407333 | G127: Yamaha Jupiter Z | H127: 2013 | I127: BH 6309 GZ | J127: MH3IDY005DJ199160 | K127: IDY- 199170 | L127: K-03779683 | M127: Diknas | N127: Gudang
A128: 106 | B128: Sepeda Motor | C128: Ada | D128: Dinas Pendidikan dan Kebudayaan | E128: Kurang Baik | F128: 14407333 | G128: Yamaha Jupiter Z | H128: 2013 | I128: BH 6306 GZ | J128: MH3IDY005DJI98242 | K128: IDY- 198265 | L128: K-03779684 | M128: Diknas | N128: Yuliasih, SE Staf Sekretaris
A129: 107 | B129: Sepeda Motor | C129: Ada | D129: Dinas Pendidikan dan Kebudayaan | E129: Rusak Berat | F129: 14407333 | G129: Yamaha Jupiter Z | H129: 2013 | I129: BH 6305 GZ | J129: MH3IDY002DJI75773 | K129: IDY- 175794 | L129: K-03779665 | M129: Diknas | N129: Gudang
A130: 108 | B130: Sepeda Motor | C130: Ada | D130: Dinas Pendidikan dan Kebudayaan | E130: Kurang Baik | F130: 14407333 | G130: Yamaha Jupiter Z | H130: 2013 | I130: BH 6303 GZ | J130: MH3IDY002DJI36580 | K130: IDY- 136597 | L130: K-03779667 | M130: Diknas | N130: Kurnia Eka Puri Staf Sekretaris
A131: 109 | B131: Sepeda Motor | C131: Ada | D131: Dinas Pendidikan dan Kebudayaan | E131: Kurang Baik | F131: 14407333 | G131: Yamaha Jupiter Z | H131: 2013 | I131: BH 6308 GZ | J131: MH3IDY005DJ206047 | K131: IDY- 206069 | L131: K-03779682 | M131: Diknas | N131: Masithah, S.Pd Pengawas SMP
A132: 110 | B132: Sepeda Motor | C132: Ada | D132: Dinas Pendidikan dan Kebudayaan | E132: Kurang Baik | F132: 14407333 | G132: Yamaha Jupiter Z | H132: 2013 | I132: BH 6302 GZ | J132: MH3IDY002DJI50350 | K132: IDY- 150368 | L132: K-03779666 | M132: Diknas | N132: Budi Harto, S.Pd Kasi Peserta Didik dan Pembangunan Karakter SMP
A133: 111 | B133: Sepeda Motor | D133: Dinas Pendidikan dan Kebudayaan | E133: Kurang Baik | F133: 14407333 | G133: Yamaha Jupiter Z | H133: 2013 | I133: BH 6300 GZ | J133: MH3IDY005DJ203040 | K133: IDY- 203054 | L133: K-03779668 | M133: Diknas | N133: Helmi KM, S.Pd Pengawas SMP
A134: 112 | B134: Sepeda Motor | D134: Dinas Pendidikan dan Kebudayaan | E134: Baik | F134: 25200000 | G134: Yamaha All New Vixion | H134: 2019 | J134: MH3RG4610KK123416 | K134: G3E7E-0501093
A135: 113 | B135: Sepeda Motor | D135: Dinas Pendidikan dan Kebudayaan | E135: Baik | F135: 25200000 | G135: Yamaha All New Vixion | H135: 2019 | J135: MH3RG4610KK123411 | K135: G3E7E-0501087
A136: 114 | B136: Sepeda Motor | D136: Dinas Pendidikan dan Kebudayaan | E136: Baik | F136: 27100000 | G136: Yamaha NMAX Non Abs | H136: 2019 | J136: MH3SG3190KK717848 | K136: G3E4E-1638737
A137: 115 | B137: Sepeda Motor | D137: Dinas Pendidikan dan Kebudayaan | E137: Baik | F137: 27100000 | G137: Yamaha NMAX Non Abs | H137: 2019 | J137: MH3SG3190KK756326 | K137: G3E4E-1659286
A138: 116 | B138: Sepeda Motor | D138: Dinas Pendidikan dan Kebudayaan | E138: Baik | F138: 27100000 | G138: Yamaha NMAX Non Abs | H138: 2019 | J138: MH3SG3190KK789167 | K138: G3E4E-1743079
A139: 117 | B139: Sepeda Motor | D139: Dinas Pendidikan dan Kebudayaan | E139: Baik | F139: 25200000 | G139: Yamaha All New Vixion | H139: 2019 | J139: MH3RG4610KK121324 | K139: G3E7E-0499012
A140: 118 | B140: Sepeda Motor | D140: Dinas Pendidikan dan Kebudayaan | E140: Baik | F140: 27100000 | G140: Yamaha NMAX Non Abs | H140: 2019 | J140: MH3SG3190KJ734877 | K140: G3E4E-1664291
A141: 119 | B141: Sepeda Motor | D141: Dinas Pendidikan dan Kebudayaan | E141: Baik | F141: 27100000 | G141: Yamaha NMAX Non Abs | H141: 2019 | J141: MH3SG3190KJ804852 | K141: G3E4E-1766528
A142: 120 | B142: Sepeda Motor | D142: Dinas Pendidikan dan Kebudayaan | E142: Baik | F142: 27100000 | G142: Yamaha NMAX Non Abs | H142: 2019 | J142: MH3SG3190KJ804837 | K142: G3E4E-1766513
A143: 121 | B143: Sepeda Motor | D143: Dinas Pendidikan dan Kebudayaan | E143: Baik | F143: 25200000 | G143: Yamaha All New Vixion | H143: 2019 | J143: MH3RG4610KK112123 | K143: G3E7E-0489839
A144: 122 | B144: Sepeda Motor | D144: Dinas Pendidikan dan Kebudayaan | E144: Baik | F144: 25200000 | G144: Yamaha All New Vixion | H144: 2019 | J144: MH3RG4610KK125903 | K144: G3E7E-0503619
A145: 123 | B145: Sepeda Motor | C145: Yamaha NMAX Non Abs | D145: Dinas Pendidikan dan Kebudayaan | E145: Baik | F145: 27100000 | G145: Yamaha NMAX Non Abs | H145: 2019 | J145: MH3SG3190KK804120 | K145: G3E4E-1764772
A146: 124 | B146: Sepeda Motor | D146: Dinas Pendidikan dan Kebudayaan | E146: Baik | F146: 25200000 | G146: Yamaha All New Vixion | H146: 2019 | J146: MH3RG4610KK119470 | K146: G3E7E-0497184
...

Sheet 02. Dinas Kesehatan
A2: KARTU INVENTARIS BARANG ( KIB )
A3: B. PERALATAN MESIN ( KENDARAAN RODA 4 ( EMPAT ) DAN 2 ( DUA )
A6: PEMERINTAH PROVINSI | C6: : JAMBI
A7: KABUPATEN / KOTA | C7: : MUARO JAMBI
A8: UNIT ORGANISASI | C8: : DINAS KESEHATAN
A9: no | B9: spesifikasi | C9: spesifikasi_lainnya | D9: Merk | E9: unit_kerja | F9: kondisi | G9: harga | H9: rehab | I9: merk | J9: type | K9: bahan | L9: tahun | M9: satuan | N9: jumlah | O9: umur_ekonomis | P9: no_sertifikat | Q9: no_polisi | R9: no_rangka | S9: no mesin | T9: no bpkb | U9: tgl_ada | V9: keterangan | W9: pengguna
A10: 1 | B10: Micro Bus ( Penumpang 15 S/D 29 Orang ) | C10: Micro Bus | E10: Dinas Kesehatan | F10: Baik | G10: 268400000 | H10: 0 | I10: Besi+ Baja | L10: 2009 | M10: Unit | N10: 1 | O10: 7 | Q10: BH 7502 G EX BH 422 GZ EX BH 604 GZ | R10: MHCNK55EY9J026342 | S10: M026342 | T10: F-8676057 | U10: ada | V10: RSUD Sungai Gelam
A11: 2 | B11: Mini Bus ( Penumpang 14 Orang Kebawah ) | C11: Minibus | E11: Dinas Kesehatan | F11: Baik | G11: 110000000 | H11: 0 | I11: Besi + Baja | L11: 2002 | M11: Unit | N11: 1 | O11: 7 | Q11: BH 1264 G EX BH 332 GZ | R11: MHF11KF7020035692 | S11: 7K-0479015 | T11: C-1667739 | U11: ada | V11: Dinas Kesehatan (RUSAK BERAT)
A12: 3 | B12: Mini Bus ( Penumpang 14 Orang Kebawah ) | C12: Minibus | E12: Dinas Kesehatan | F12: Baik | G12: 132000000 | H12: 0 | I12: Besi + Baja | L12: 2004 | M12: Unit | N12: 1 | O12: 7 | Q12: BH 1266 G EX BH 1042 GZ | R12: MHFXW426442009300 | S12: 1TR-6019734 | T12: D-3117754 | U12: ada | V12: Dinas Kesehatan
A13: 4 | B13: Mini Bus ( Penumpang 14 Orang Kebawah ) | C13: Minibus | E13: Dinas Kesehatan | F13: Baik | G13: 65000000 | H13: 0 | I13: Besi + Baja | L13: 2005 | M13: Unit | N13: 1 | O13: 7 | Q13: BH 1050 GZ | R13: MHYGDN41V535J-133989 | S13: G1SAID-134473 | T13: D-7511940 | U13: ada | V13: AHMAD RIPIN | W13: di Rumah R. Fauzi Rasor
A14: 5 | B14: Mini Bus ( Penumpang 14 Orang Kebawah ) | C14: Minibus | E14: Dinas Kesehatan | F14: Baik | G14: 102000000 | H14: 0 | I14: Besi + Baja | L14: 2005 | M14: Unit | N14: 1 | O14: 7 | Q14: BH 1075 GZ | R14: MHYESL 4153J-539080 | S14: GISA-IA-539080 | T14: C-5101477 | U14: ada | V14: BPKB ADA, Perubahan Nopol dari BH 53 GZ, 34 GZ jadi BH 1075 GZ (RUSAK BERAT)
A15: 6 | B15: Mini Bus ( Penumpang 14 Orang Kebawah ) | C15: Minivan | E15: Dinas Kesehatan | F15: Baik | G15: 129900000 | H15: 0 | I15: Besi + Baja | L15: 2007 | M15: Unit | N15: 1 | O15: 7 | Q15: BH 1180 G EX BH 40 GZ | R15: MJJFC522KOO2743 | S15: TB002727 | T15: F-0923441
A16: 7 | B16: Mini Bus ( Penumpang 14 Orang Kebawah ) | C16: Minibus | E16: Dinas Kesehatan | F16: Baik | G16: 175000000 | H16: 0 | I16: Besi + Baja | L16: 2007 | M16: Unit | N16: 1 | O16: 7 | Q16: BH 1057 GZ | R16: MHCTBR54FGK250098 | S16: E280098 | T16: E-1991172 | U16: ada | V16: Dinas Kesehatan (RUSAK BERAT)
A17: 8 | B17: Mini Bus ( Penumpang 14 Orang Kebawah ) | C17: Minibus | E17: Dinas Kesehatan | F17: Baik | G17: 199550000 | H17: 0 | I17: Besi + Baja | L17: 2010 | M17: Unit | N17: 1 | O17: 7 | Q17: BH 1330 G EX BH 410 GZ EX BH 1123 GZ | R17: MHFE2CJ2JAK016743 | S17: DBU4353 | T17: H-O 4610849 | U17: ada | V17: Reclass Dari set Lain RB
A18: 9 | B18: Mini Bus ( Penumpang 14 Orang Kebawah ) | C18: Minibus | E18: Dinas Kesehatan | F18: Baik | G18: 141000000 | H18: 0 | I18: Besi + Baja | J18: Ertiga | L18: 2012 | M18: Unit | N18: 1 | O18: 7 | Q18: BH 1346 G EX BH 1147 GZ | R18: MHYKZE81SCJ-105638 | S18: K14BT-1006068 | T18: I-11593447 | V18: RSUD AHMAD RIPIN | W18: Dr. Spesialis
A19: 10 | B19: Mini Bus ( Penumpang 14 Orang Kebawah ) | C19: Minibus | E19: Dinas Kesehatan | F19: Baik | G19: 188200000 | H19: 0 | I19: Besi+ Baja | L19: 2012 | M19: Unit | N19: 1 | O19: 7 | Q19: BH 1347 G EX BH 1167 G EX BH 1175 GZ EX BH 42 GZ | R19: MHFE2CJ2JCK031971 | S19: DDB3016 | T19: J-04079880 | U19: ada | V19: SEI.GELAM
A20: 11 | B20: Mini Bus ( Penumpang 14 Orang Kebawah ) | C20: Minibus | E20: Dinas Kesehatan | F20: Baik | G20: 141000000 | H20: 0 | I20: Besi + Baja | J20: Ertiga | L20: 2012 | M20: Unit | N20: 1 | O20: 7 | Q20: BH 1148 GZ | R20: MHYKZE81SCJ-104022 | S20: K14BT- 1004235 | T20: I-11593448 | V20: RSUD AHMAD RIPIN | W20: Dr. Spesialis
A21: 12 | B21: Mini Bus ( Penumpang 14 Orang Kebawah ) | C21: Minibus | E21: Dinas Kesehatan | F21: Baik | G21: 169800000 | H21: 0 | I21: Besi + Baja | L21: 2013 | M21: Unit | N21: 1 | O21: 7 | Q21: BH 1262 G EX BH 1192 GZ | R21: MHYKZE8 1SDJ 100555 | S21: K14BT - 1035142 | T21: K-03088177 | V21: RSUD AHMAD RIPIN
A22: 13 | B22: Mini Bus ( Penumpang 14 Orang Kebawah ) | C22: Minibus | E22: Dinas Kesehatan | F22: Baik | G22: 169800000 | H22: 0 | I22: Besi + Baja | L22: 2013 | M22: Unit | N22: 1 | O22: 7 | Q22: BH 1261 G EX BH 1191 GZ | R22: MHYKZE81SDJ - 100351 | S22: K14BT - 1035148 | T22: K-03088176 | V22: RSUD AHMAD RIPIN
A23: 14 | B23: Mini Bus ( Penumpang 14 Orang Kebawah ) | C23: Minibus | E23: Dinas Kesehatan | F23: Baik | G23: 186050000 | H23: 0 | I23: Besi + Baja | L23: 2013 | M23: Unit | N23: 1 | O23: 7 | Q23: BH 1201 G EX BH 41 GZ | R23: MHFE2CJ2JDKO35877 | S23: DD14702 | T23: K-02786816 | U23: ada | V23: Reclass Dari set Lain RB
A24: 15 | B24: Mini Bus ( Penumpang 14 Orang Kebawah ) | C24: Minibus | E24: Dinas Kesehatan | F24: Baik | G24: 195000000 | H24: 0 | I24: Besi + Baja | L24: 2014 | M24: Unit | N24: 1 | O24: 7 | Q24: BH 1235 G EX BH 1205GZ | R24: MHYLZG81SDJ201233 | S24: K14BT1078081 | T24: K-06090825 | U24: ada
A25: 16 | B25: Mini Bus ( Penumpang 14 Orang Kebawah ) | C25: Mobil Roda 4 | E25: Dinas Kesehatan | F25: Baik | G25: 217800000 | H25: 0 | L25: 2017 | M25: Unit | N25: 1 | O25: 7 | Q25: BH 1007 G | R25: MHKM5EB4JHK006700 | S25: 1NRF265264 | T25: L-10936795 | U25: ada | V25: RSU Sungai Bahar
A26: 17 | B26: Mini Bus ( Penumpang 14 Orang Kebawah ) | C26: Kendaraan roda empat | E26: Dinas Kesehatan | F26: Baik | G26: 256700000 | H26: 0 | I26: Besi | L26: 2019 | M26: Unit | N26: 1 | O26: 7 | Q26: BH 1046 G | T26: 0 | V26: Direktur RSU Sungai Bahar
A27: 18 | B27: Mini Bus ( Penumpang 14 Orang Kebawah ) | C27: Kendaraan Roda Empat | E27: Dinas Kesehatan | F27: Baik | G27: 162000000 | H27: 0 | I27: Besi + Baja | L27: 2020 | M27: Unit | N27: 1 | O27: 7 | Q27: BH 1301 G | R27: MHKV3BA6JLK013755 | S27: K3MH69502 | T27: P-06450335 | U27: ada
A28: 19 | B28: Mini Bus ( Penumpang 14 Orang Kebawah ) | C28: Kendaraan Roda Empat | E28: Dinas Kesehatan | F28: Baik | G28: 413000000 | H28: 0 | I28: Besi + Baja | L28: 2020 | M28: Unit | N28: 1 | O28: 7 | Q28: BH 1088 G | R28: MHFAW8EM4L0214883 | S28: 1TR-A729433 | T28: 0 | V28: KEPALA DINAS
A29: 20 | B29: Mini Bus ( Penumpang 14 Orang Kebawah ) | C29: Kendaraan Roda Empat | E29: Dinas Kesehatan | F29: Baik | G29: 347000000 | H29: 0 | I29: Besi + Baja | L29: 2020 | M29: Unit | N29: 1 | O29: 7 | Q29: BH 1087 G | R29: MHFJB8EM2L1066920 | S29: 2GD-C677880 | T29: 0 | W29: Mutasi ke DPRD
A30: 21 | B30: Mobil Donor Darah | C30: Hiace M/T | E30: Dinas Kesehatan | F30: Baik | G30: 1100000000 | H30: 0 | J30: Hiace | L30: 2024 | M30: Unit | N30: 1 | O30: 7 | Q30: BH 9038 G | R30: JTFST22P6R0046765 | S30: 1KD-B190110 | T30: U-02080764 | U30: ada | V30: RSUD AHMAD RIPIN | W30: RSUD AHMAD RIPIN/ UPD Darah
A31: 22 | B31: Mini Bus ( Penumpang 14 Orang ke Bawah ) | C31: Toyota Avanza 1.3 E. M/T / Ambulance | E31: Dinas Kesehatan | F31: Baik | G31: 349800000 | H31: 0 | I31: Toyota | K31: Besi | L31: 2025 | M31: Unit | N31: 1 | O31: 7 | Q31: BH 9047 G | R31: MHKAA1BY9S1005467 | S31: 1NRG309655 | T31: 0 | V31: Dinkes AMBULAN TEMPINO | W31: Dinkes
A32: 23 | B32: Mini Bus ( Penumpang 14 Orang ke Bawah ) | C32: Toyota Avanza 1.3 E. M/T / Ambulance | E32: Dinas Kesehatan | F32: Baik | G32: 349800000 | H32: 0 | I32: Toyota | K32: Besi | L32: 2025 | M32: Unit | N32: 1 | O32: 7 | Q32: BH 9045 G | R32: MHKAA1BY1S1005480 | T32: 0 | V32: Dinkes JMBI KECIL | W32: Dinkes
A33: 24 | B33: Mini Bus ( Penumpang 14 Orang ke Bawah ) | C33: Toyota Avanza 1.3 E. M/T / Ambulance | E33: Dinas Kesehatan | F33: Baik | G33: 349800000 | H33: 0 | I33: Toyota | K33: Besi | L33: 2025 | M33: Unit | N33: 1 | O33: 7 | Q33: BH 9046 G | R33: MHKAA1BY1S1005530 | T33: 0 | V33: Pkm. Muaro Kumpeh | W33: Ambulance rawat inap
A34: 25 | B34: Mini Bus ( Penumpang 14 Orang ke Bawah ) | C34: Toyota Innova 2.4 G. M/T / Ambulance | E34: Dinas Kesehatan | F34: Baik | G34: 649800000 | H34: 0 | I34: Toyota | J34: Kijang Inova 2.4 G /MT | K34: Besi | L34: 2025 | M34: Unit | N34: 1 | O34: 7 | Q34: BH 9048 G | R34: MHFIB8EM551175340 | S34: 2GD5873243 | T34: AA00086546 | V34: Pkm. Tanjung | W34: Pkm. Tanjung
A35: 26 | B35: Pick Up | C35: Mobil Box | E35: Dinas Kesehatan | F35: Baik | G35: 209802160 | H35: 0 | I35: Besi | L35: 2016 | M35: Unit | N35: 1 | O35: 7 | Q35: BH 9361 GZ | R35: MHCTBR54FGK175469 | S35: E175469 | T35: L-08629036 | U35: ada | V35: Instalasi Farmasi
A36: 27 | B36: Mobil Ambulance | C36: Ambulance | E36: Dinas Kesehatan | F36: Baik | G36: 54817000 | H36: 0 | I36: Besi | L36: 1992 | M36: Unit | N36: 1 | O36: 7 | Q36: BH 9016 BZ | R36: KF50-091389 | S36: 5K-9053199 | T36: 9190860 | U36: ada | V36: Raden Mustofa (SUDAH LELANG)
A37: 28 | B37: Mobil Ambulance | C37: Pusling | E37: Dinas Kesehatan | F37: Baik | G37: 116750000 | H37: 0 | I37: Besi + Baja | L37: 2003 | M37: Unit | N37: 1 | O37: 7 | Q37: BH 2012 GZ | R37: MHF11KF8030080842 | S37: 7K-0606988 | T37: C-5973506 | U37: ada | V37: Pkm. Tan Tan (SUDAH LELANG)
A38: 29 | B38: Mobil Ambulance | C38: Pusling | D38: Toyota Kijang | E38: Dinas Kesehatan | F38: RB | G38: 116000000 | H38: 0 | I38: Besi + Baja | L38: 2003 | M38: Unit | N38: 1 | O38: 7 | Q38: BH 1089 GZ | R38: MHFIIKF8030080842 | S38: 7K-0606988 | T38: 0 | V38: Pkm. Tempino | W38: Usulkan Lelang 2026
A39: 30 | B39: Mobil Ambulance | C39: Ambulance | D39: Toyota KIjang L200 | E39: Dinas Kesehatan | F39: Baik | G39: 175000000 | H39: 0 | I39: Besi + Baja | L39: 2004 | M39: Unit | N39: 1 | O39: 7 | Q39: BH 9315 GZ | R39: MMBCNK5704F000614 | S39: 4M40ZA0702 | T39: D-3116629 | U39: ada | V39: Pkm Sungai Bahar VII
A40: 31 | B40: Mobil Ambulance | C40: Pusling | E40: Dinas Kesehatan | F40: Baik | G40: 80000000 | H40: 0 | I40: Besi + Baja | L40: 2004 | M40: Unit | N40: 1 | O40: 7 | Q40: BH 9311 GZ | R40: MHML300DB3RZ32380 | S40: 4D56-390012 | T40: C-7206020 | V40: RS A RIPIN
A41: 32 | B41: Mobil Ambulance | C41: Ambulance | E41: Dinas Kesehatan | F41: Baik | G41: 59000000 | H41: 0 | I41: Besi + Baja | L41: 2006 | M41: Unit | N41: 1 | O41: 7 | Q41: BH 9317 GZ | R41: MHKSPRRHE6K003366 | S41: 9298255 | T41: D-9865431 | U41: ada | V41: Dinas Kesehatan
A42: 33 | B42: Mobil Ambulance | C42: Pusling | E42: Dinas Kesehatan | F42: Baik | G42: 153150000 | H42: 0 | I42: Besi + Baja | L42: 2007 | M42: Unit | N42: 1 | O42: 7 | Q42: BH 8140 G EX BH 9018 GZ | R42: MROAW12G870005042 | S42: 1TR6404434 | T42: F-2415815 | U42: ada | V42: Gudang Farmasi
A43: 34 | B43: Mobil Ambulance | C43: Perbaikan Kendaraan Roda 4 ( Pusling ) | E43: Dinas Kesehatan | F43: Baik | G43: 59705000 | H43: 0 | L43: 2007 | M43: Unit | N43: 1 | O43: 7 | T43: 0
A44: 35 | B44: Mobil Ambulance | C44: Pusling | D44: Toyota Hilux | E44: Dinas Kesehatan | F44: Baik | G44: 153150000 | H44: 0 | I44: Besi + Baja | L44: 2007 | M44: Unit | N44: 1 | O44: 7 | Q44: BH 9019 GZ | R44: MROAW12G570005662 | S44: 1TR-6424436 | T44: 0 | V44: Pkm Jambi Kecil
A45: 36 | B45: Mobil Ambulance | C45: Ambulance | E45: Dinas Kesehatan | F45: Baik | G45: 149750000 | H45: 0 | I45: Besi + Baja | L45: 2008 | M45: Unit | N45: 1 | O45: 7 | Q45: BH 9024 GZ | R45: MROAW12G180011959 | S45: 1TR6620512 | T45: F-6465554 | U45: ada | V45: Pkm. SEI DUREN
A46: 37 | B46: Mobil Ambulance | C46: Ambulance | E46: Dinas Kesehatan | F46: Baik | G46: 149750000 | H46: 0 | I46: Besi + Baja | L46: 2008 | M46: Unit | N46: 1 | O46: 7 | Q46: BH 9025 GZ | R46: MROAW12G180011959 | S46: 1TR6620512 | T46: 0 | V46: Pkm. Pir II Bajubang
A47: 38 | B47: Mobil Ambulance | C47: Perbaikan Kendaraan Roda 4 ( Pusling ) | E47: Dinas Kesehatan | F47: Baik | G47: 77561350 | H47: 0 | L47: 2008 | M47: Unit | N47: 1 | O47: 7 | T47: 0
A48: 39 | B48: Mobil Ambulance | C48: Pusling + Kelengkapan Pusling ( Roda 4 ) | E48: Dinas Kesehatan | F48: Baik | G48: 199650000 | H48: 0 | I48: Besi + Baja | L48: 2009 | M48: Unit | N48: 1 | O48: 7 | Q48: BH 9026 GZ | R48: MHCTBR54F9K300767 | S48: E300767 | T48: 0 | V48: Dinas Kesehatan (BERUBAH NOPOL)
A49: 40 | B49: Mobil Ambulance | C49: Pusling + Kelengkapan Pusling ( Roda 4 ) | E49: Dinas Kesehatan | F49: Baik | G49: 199650000 | H49: 0 | I49: Besi + Baja | L49: 2009 | M49: Unit | N49: 1 | O49: 7 | Q49: BH 331 GZ | R49: MHCTBR54F9K300765 | S49: E300765 | T49: 0 | V49: Dinas Kesehatan
A50: 41 | B50: Mobil Ambulance | C50: Ambulance | E50: Dinas Kesehatan | F50: Baik | G50: 244090000 | H50: 0 | I50: Besi+ Baja | L50: 2011 | M50: Unit | N50: 1 | O50: 7 | Q50: BH 1139 G EX BH 9072 GZ | R50: MHCTBR54FBK312127 | S50: E312127 | T50: 0 | V50: SEI.GELAM
A51: 42 | B51: Mobil Ambulance | C51: Ambulance | E51: Dinas Kesehatan | F51: Baik | G51: 150750000 | H51: 0 | I51: Besi+ Baja | L51: 2012 | M51: Unit | N51: 1 | O51: 7 | Q51: BH 1603 HE | R51: MHKV3CA3JCK009298 | S51: DCM2813 | T51: 0 | V51: SEI.GELAM
A52: 43 | B52: Mobil Ambulance | C52: Kendaraan Ambulance | E52: Dinas Kesehatan | F52: Baik | G52: 210399400 | H52: 0 | I52: Isuzu Panther | J52: Minibus | K52: Besi + Baja | L52: 2013 | M52: Unit | N52: 1 | O52: 7 | Q52: BH 1367 G EX BH 1187 GZ | R52: MHCTBR54FDK319301 | S52: E319301 | T52: 0 | V52: Pkm. Puding | W52: PUSLING
A53: 44 | B53: Mobil Ambulance | C53: Pengadaan Puskesmas Keliling | D53: Isuzu Panther | E53: Dinas Kesehatan | F53: Baik | G53: 222779600 | H53: 0 | I53: Besi + Baja | L53: 2013 | M53: Unit | N53: 1 | O53: 7 | Q53: BH 1197 GZ | R53: MHCTBR54FDK321076 | S53: E321076 | T53: 0 | V53: Pkm. Tangkit
A54: 45 | B54: Mobil Ambulance | C54: Pengadaan Puskesmas Keliling | E54: Dinas Kesehatan | F54: Baik | G54: 222779600 | H54: 0 | I54: Besi + Baja | L54: 2013 | M54: Unit | N54: 1 | O54: 7 | Q54: BH 1215 G EX BH 1198 GZ | R54: MHCTBR54FDK320203 | S54: E320203 | T54: K-06086065 | U54: ada | V54: Pkm. Sengeti | W54: PUSLING PKM SENGETI
A55: 46 | B55: Mobil Ambulance | C55: Pengadaan Puskesmas Keliling | E55: Dinas Kesehatan | F55: Baik | G55: 222779600 | H55: 0 | I55: Besi + Baja | L55: 2013 | M55: Unit | N55: 1 | O55: 7 | Q55: BH 1196 GZ | R55: MHCTBR54FDK320679 | S55: E320679 | T55: 0 | V55: Pkm. Sungai Duren
A56: 47 | B56: Mobil Ambulance | C56: Kendaraan Ambulance | D56: Isuzu Panther 2499 cc | E56: Dinas Kesehatan | F56: Baik | G56: 210399400 | H56: 0 | I56: Besi + Baja | L56: 2013 | M56: Unit | N56: 1 | O56: 7 | Q56: BH 1189 GZ | R56: MHCTBR54FDK319302 | S56: E319302 | T56: 0 | U56: ada | V56: Pkm. Pondok Meja | W56: Kepala UPTD Puskesmas (dr. Dewi Lidiya Astuti)
A57: 48 | B57: Mobil Ambulance | C57: Kendaraan Pusling | D57: Isuzu Panther | E57: Dinas Kesehatan | F57: Baik | G57: 232664500 | H57: 0 | I57: Besi | L57: 2014 | M57: Unit | N57: 1 | O57: 7 | Q57: BH 1271 G EX BH 1210 GZ | R57: MHCTBR54FEK321968 | S57: E321968 | T57: K-06092898 | U57: ada | V57: Pkm. Bahar IV
A58: 49 | B58: Mobil Ambulance | C58: Kendaraan Pusling | D58: Isuzu Panther | E58: Dinas Kesehatan | F58: Baik | G58: 232664500 | H58: 0 | I58: Besi | L58: 2014 | M58: Unit | N58: 1 | O58: 7 | Q58: BH 1267 G EX BH 1209 GZ | R58: MHCTBR54FEK321961 | S58: E321961 | T58: K-06092896 | U58: ada | V58: Pkm Sungai Bahar VII
A59: 50 | B59: Mobil Ambulance | C59: Kendaraan Pusling | E59: Dinas Kesehatan | F59: Baik | G59: 232664500 | H59: 0 | I59: Isuzu | J59: Panther Turbo LM | K59: Besi | L59: 2014 | M59: Unit | N59: 1 | O59: 7 | Q59: BH 1243 G EX BH 1207 GZ | R59: MHCTBR54FEK321968 | S59: E321968 | T59: K-06092897 | U59: ada | V59: Pkm. Tanjung | W59: Sudah Diserahkan Ke Dinas Kesehatan
A60: 51 | B60: Mobil Ambulance | C60: Ambulance | D60: Suzuki APV | E60: Dinas Kesehatan | F60: Baik | G60: 208402250 | H60: 0 | I60: Besi | L60: 2014 | M60: Unit | N60: 1 | O60: 7 | Q60: BH 9110 G | R60: MHYGDN42VDJ-375911 | S60: G15AID-281387 | T60: J-06145326 | U60: ada | V60: Hibah Angkasa Pura II Pkm. Kebon IX
A61: 52 | B61: Mobil Ambulance | C61: Kendaraan Pusling | D61: Isuzu Panther | E61: Dinas Kesehatan | F61: Baik | G61: 232664500 | H61: 0 | I61: Besi | L61: 2014 | M61: Unit | N61: 1 | O61: 7 | Q61: BH 1350 G EX BH 1208 GZ | R61: MHCTBR54FEK321962 | S61: E321962 | T61: K-06092895 | U61: ada | V61: Pkm. Tempino
A62: 53 | B62: Mobil Ambulance | C62: Mobil Ambulance | E62: Dinas Kesehatan | F62: Baik | G62: 200000000 | H62: 0 | I62: Besi | L62: 2015 | M62: Unit | N62: 1 | O62: 7 | Q62: BH 9032 GZ | R62: MHFE2CJ2JAK016743 | S62: DBU4353 | T62: 0
A63: 54 | B63: Mobil Ambulance | C63: Kendaraan Puskesmas Keliling + Acesories | E63: Dinas Kesehatan | F63: Baik | G63: 261970200 | H63: 0 | I63: Besi | L63: 2016 | M63: Unit | N63: 1 | O63: 7 | Q63: BH 1328 G EX BH 1241 GZ | R63: MHCTBR54FGK327691 | S63: E327691 | T63: L-08628935 | U63: ada | V63: Pkm. Tantan
A64: 55 | B64: Mobil Ambulance | C64: Kendaraan Puskesmas Keliling + Acesories | D64: Isuzu Panther | E64: Dinas Kesehatan | F64: Baik | G64: 261970200 | H64: 0 | I64: Besi | L64: 2016 | M64: Unit | N64: 1 | O64: 7 | Q64: BH 1325 G EX BH 1242 GZ | R64: MHCTBR54FGK327697 | S64: E327697 | T64: L-08628936 | U64: ada | V64: Pkm. Sekernan Ilir
A65: 56 | B65: Mobil Ambulance | C65: Kendaraan Puskesmas Keliling + Acesories | E65: Dinas Kesehatan | F65: Baik | G65: 261970200 | H65: 0 | I65: Besi | L65: 2016 | M65: Unit | N65: 1 | O65: 7 | Q65: BH 1324 G EX BH 1243 GZ | R65: MHCTBR54FGK327695 | S65: E327695 | T65: L-08628937 | U65: ada | V65: Pkm. Muaro Kumpeh | W65: puskesmas keliling
A66: 57 | B66: Mobil Ambulance | C66: Kendaraan Puskesmas Keliling + Acesories | D66: Panter | E66: Dinas Kesehatan | F66: Baik | G66: 261970200 | H66: 0 | I66: Besi | L66: 2016 | M66: Unit | N66: 1 | O66: 7 | Q66: BH 1245 GZ | T66: 0 | V66: Pkm. Jambi Kecil
A67: 58 | B67: Mobil Ambulance | C67: Kendaraan Puskesmas Keliling + Acesories | E67: Dinas Kesehatan | F67: Baik | G67: 261970200 | H67: 0 | I67: Besi | L67: 2016 | M67: Unit | N67: 1 | O67: 7 | Q67: BH 1240 GZ | R67: MHCTBR54FGK327692 | S67: E327692 | T67: L-08628964 | U67: ada | V67: Pkm. Kemingking Dalam
A68: 59 | B68: Mobil Ambulance | C68: Kendaraan Puskesmas Keliling + Acesories | D68: Isuzu Panther | E68: Dinas Kesehatan | F68: Baik | G68: 261970200 | H68: 0 | I68: Besi | L68: 2016 | M68: Unit | N68: 1 | O68: 7 | Q68: BH 1329 G EX BH 1244 GZ | R68: MHCTBR54FGK327694 | S68: E327694 | T68: L-08628938 | U68: ada | V68: Pkm. Penyengat Olak
A69: 60 | B69: Mobil Ambulance | C69: Ambulance | E69: Dinas Kesehatan | F69: Baik | G69: 326800000 | H69: 0 | I69: Besi+ Baja | L69: 2017 | M69: Unit | N69: 1 | O69: 7 | Q69: BH 1012 G | R69: MHFJW8EM2H2330207 | S69: 1TR-A280426 | T69: M-04238290 | U69: ada | V69: PKM.SEI GELAM
A70: 61 | B70: Mobil Ambulance | C70: Mobil Ambulance | E70: Dinas Kesehatan | F70: Baik | G70: 423572000 | H70: 0 | I70: Besi | L70: 2018 | M70: Unit | N70: 1 | O70: 7 | Q70: BH 9006 G | R70: MJEC1JG41J5170312 | S70: W04DTRR78226 | T70: O-06920098 | U70: ada | V70: SUNGAI BAHAR
A71: 62 | B71: Mobil Ambulance | C71: Mobil Ambulance + Akesoris | E71: Dinas Kesehatan | F71: Baik | G71: 318561273 | H71: 0 | I71: Besi | L71: 2019 | M71: Unit | N71: 1 | O71: 7 | Q71: BH 9010 G | R71: MHYGDN42VKJ400890 | S71: G15A1D432228 | T71: P-06384568 | U71: ada | V71: Ambulance PSC 119 DINKES
A72: 63 | B72: Mobil Ambulance | C72: Mobil Puskesmas Keliling + Aksesoris | E72: Dinas Kesehatan | F72: Baik | G72: 296011000 | H72: 0 | I72: Besi | L72: 2019 | M72: Unit | N72: 1 | O72: 7 | T72: 0 | V72: Puskesmas BAJUBANG (MOBIL COVID)
A73: 64 | B73: Mobil Ambulance | C73: Mobil Puskesmas Keliling + Aksesoris | E73: Dinas Kesehatan | F73: Baik | G73: 299050000 | H73: 0 | I73: Besi | L73: 2019 | M73: Unit | N73: 1 | O73: 7 | Q73: BH 9014 G | R73: MHYGDN42VKJ402508 | S73: G15AID434567 | T73: P-06411472 | U73: ada | V73: Puskesmas Kasang Pudak
A74: 65 | B74: Mobil Ambulance | C74: Mobil Puskesmas Keliling + Aksesoris | E74: Dinas Kesehatan | F74: Baik | G74: 299050000 | H74: 0 | I74: Besi | L74: 2019 | M74: Unit | N74: 1 | O74: 7 | Q74: BH 9015 G | R74: MHYGDN42VKJ402522 | S74: G15AID434695 | T74: P-06411473 | U74: ada | V74: Puskesmas Talang Bukit
A75: 66 | B75: Mobil Ambulance | C75: Mobil Puskesmas Keliling + Aksesoris | E75: Dinas Kesehatan | F75: Baik | G75: 299050000 | H75: 0 | I75: Besi | L75: 2019 | M75: Unit | N75: 1 | O75: 7 | Q75: BH 9016 G | R75: MHYGDN42VKJ402517 | S75: G15AID434696 | T75: P-06411474 | U75: ada | V75: Puskesmas Suko Awin Jaya
A76: 67 | B76: Mobil Ambulance | C76: Mobil Puskesmas Keliling + Aksesoris | D76: Suzuki APV | E76: Dinas Kesehatan | F76: Baik | G76: 296011000 | H76: 0 | I76: Besi | L76: 2019 | M76: Unit | N76: 1 | O76: 7 | Q76: BH 9012 G | T76: 0 | V76: Puskesmas BAHAR I (MOBIL COVID)
A77: 68 | B77: Mobil Ambulance | C77: Ambulance | E77: Dinas Kesehatan | F77: Baik | G77: 326300000 | H77: 0 | I77: Besi | L77: 2020 | M77: Unit | N77: 1 | O77: 7 | Q77: BH 9019 G | R77: MHYGDN42VLJ400482 | S77: G15AID436185 | T77: 0 | V77: RSUD Sungai Gelam
A78: 69 | B78: Mobil Ambulance | C78: Mobil Ambulance | E78: Dinas Kesehatan | F78: Baik | G78: 498000000 | H78: 0 | I78: Besi | L78: 2020 | M78: Unit | N78: 1 | O78: 7 | Q78: BH 1304 G | R78: MHFJB8EM9L1071516 | S78: 2GD C717005 | T78: 0 | V78: RSUD Ahmad Ripin | W78: Mutasi Ke CAPIL
A79: 70 | B79: Mobil Ambulance | C79: Mobil Ambulance | E79: Dinas Kesehatan | F79: Baik | G79: 498000000 | H79: 0 | I79: Besi | L79: 2020 | M79: Unit | N79: 1 | O79: 7 | Q79: BH 1306 G | R79: MHFJB8EM1L1069467 | S79: 2GD C702409 | T79: 0 | V79: RSUD Sungai Bahar | W79: Mutasi ke Diknas
A80: 71 | B80: Mobil Ambulance | C80: Mobil Puskesmas Keliling + Aksesoris | D80: Toyota Innova | E80: Dinas Kesehatan | F80: Baik | G80: 397200000 | H80: 0 | I80: Besi | L80: 2020 | M80: Unit | N80: 1 | O80: 7 | Q80: BH 1309 G | R80: MHFIW8EM8L2380635 | S80: 1TRA732064 | T80: P07641322F | V80: Pkm. Tempino
A81: 72 | B81: Mobil Ambulance | C81: Mobil Puskesmas Keliling + Aksesoris | D81: Toyota Innova | E81: Dinas Kesehatan | F81: Baik | G81: 397200000 | H81: 0 | I81: Besi | L81: 2020 | M81: Unit | N81: 1 | O81: 7 | Q81: BH 1308 G | R81: MHFJW8EL2383326 | S81: 1TR-A758952 | T81: 0 | V81: Pkm. Markanding
A82: 73 | B82: Ambulans Tran | C82: sport Toyota | E82: Dinas Kesehatan | F82: Baik | G82: 582700000 | H82: 0 | L82: 2024 | M82: Unit | N82: 1 | O82: 7 | Q82: BH 9028 G | R82: MHFJB8EM2R1133279 | S82: 2GDD372756 | T82: U-02076362 | U82: ada | V82: DINAS KESEHATANP PKM.SEI DUREN | W82: DINAS KESEHATAN
A83: 74 | B83: Ambulans Tran | C83: sport Toyota | E83: Dinas Kesehatan | F83: Baik | G83: 582700000 | H83: 0 | L83: 2024 | M83: Unit | N83: 1 | O83: 7 | Q83: BH 9029 G | R83: MHFJB8EM8R1133125 | S83: 2GDD371928 | T83: U-02076363 | U83: ada | V83: DINAS KESEHATAN PKM.PETALING | W83: DINAS KESEHATAN
A84: 75 | B84: Ambulans Tran | C84: sport Toyota | D84: Toyota Innova | E84: Dinas Kesehatan | F84: Baik | G84: 582700000 | H84: 0 | L84: 2024 | M84: Unit | N84: 1 | O84: 7 | Q84: BH 9030 G | R84: MHFJB8EM1R1132611 | S84: 2GDD404251 | T84: U-02076364 | U84: ada | V84: DINAS KESEHATAN Pkm. Kebon IX | W84: DINAS KESEHATAN
A85: 76 | B85: Ambulans Tran | C85: sport Toyota | E85: Dinas Kesehatan | F85: Baik | G85: 582700000 | H85: 0 | L85: 2024 | M85: Unit | N85: 1 | O85: 7 | Q85: BH 9031 G | R85: MHFJB8EM4R1133476 | S85: 2GDD407254 | T85: U-02076365 | U85: ada | V85: DINAS KESEHATAN PKM.KASANG PUDAK | W85: DINAS KESEHATAN
A86: 77 | B86: Ambulans Tran | C86: sport Toyota | D86: Toyota Innova | E86: Dinas Kesehatan | F86: Baik | G86: 582700000 | H86: 0 | L86: 2024 | M86: Unit | N86: 1 | O86: 7 | Q86: BH 9032 G | R86: MHFJB8EM1R1134018 | S86: 2GDD409411 | T86: U-02076366 | U86: ada | V86: PKM PONDOK MEJA (DINAS KESEHATAN) | W86: DINAS KESEHATAN
A87: 78 | B87: Ambulans Tran | C87: sport Toyota | D87: Toyota Innova | E87: Dinas Kesehatan | F87: Baik | G87: 582700000 | H87: 0 | L87: 2024 | M87: Unit | N87: 1 | O87: 7 | Q87: BH 9033 G | R87: MHFJB8EMXR1134342 | S87: 2GDD408520 | T87: U-02076367 | U87: ada | V87: PKM.Sungai Bahar VII (DINAS KESEHATAN ) | W87: DINAS KESEHATAN
A88: 79 | B88: Ambulans Tran | C88: sport Toyota | D88: Toyota Innova | E88: Dinas Kesehatan | F88: Baik | G88: 582700000 | H88: 0 | L88: 2024 | M88: Unit | N88: 1 | O88: 7 | Q88: BH 9034 G | R88: MHFJB8EM1R1134472 | S88: 2GDD410535 | T88: U-02076368 | U88: ada | V88: DINAS KESEHATAN PKM.SEI BAHAR IV | W88: DINAS KESEHATAN
A89: 80 | B89: Ambulans Tran | C89: sport Toyota | D89: Toyota Innova | E89: Dinas Kesehatan | F89: Baik | G89: 582700000 | H89: 0 | L89: 2024 | M89: Unit | N89: 1 | O89: 7 | Q89: BH 9035 G | R89: MHFJB8EM7R1133682 | S89: 2GDD407576 | T89: U-02076369 | U89: ada | V89: DINAS KESEHATAN PKM.SI.BAHARI I | W89: DINAS KESEHATAN
A90: 81 | B90: Ambulans Tran | C90: sport Toyota | E90: Dinas Kesehatan | F90: Baik | G90: 582700000 | H90: 0 | L90: 2024 | M90: Unit | N90: 1 | O90: 7 | Q90: BH 9036 G | R90: MHFJB8EM3R1133906 | S90: 2GDD407938 | T90: U-02076370 | U90: ada | V90: DINAS KESEHATAN PKM.TALANG BUKIT | W90: DINAS KESEHATAN
A91: 82 | B91: Mobil Jenazah | C91: Mobil Jenazah | E91: Dinas Kesehatan | F91: Baik | G91: 549000000 | H91: 0 | I91: Besi | L91: 2020 | M91: Unit | N91: 1 | O91: 7 | Q91: BH 9020 G | R91: JTFSS22P3L0190235 | S91: 2KD B036761 | T91: 0 | V91: PSC DINKES
B92: Mobil Ambulance Jenazah | C92: Mobil Ambulance Jenazah | D92: Suzuki APV | E92: Dinas Kesehatan | F92: Baik | G92: 281900000 | H92: 0 | I92: Besi | L92: 2025 | M92: Unit | N92: 1 | O92: 7 | Q92: BH 9043 G | R92: MHYGDN41VRJ400956 | S92: G15AID451629 | V92: RSUD S. Bahar | W92: Kasubbag TU (Rudiyanto, S.Kep)
A93: 83 | B93: Sepeda Motor | C93: Sepeda motor | E93: Dinas Kesehatan | F93: Baik | G93: 2000000 | H93: 0 | I93: Besi + Baja | L93: 1990 | M93: Unit | N93: 1 | O93: 7 | Q93: BH 5150 BZ | R93: A100-234255 | S93: A100-ID-121621 | T93: 8966076 | U93: ada
A94: 84 | B94: Sepeda Motor | C94: Sepeda motor | E94: Dinas Kesehatan | F94: Baik | G94: 1500000 | H94: 0 | I94: suzuki TRS | J94: suzuki TRS | L94: 1990 | M94: Unit | N94: 1 | O94: 7 | Q94: BH 6987 AZ | R94: TRS61588 | S94: E.101.ID.119102 | T94: 0 | V94: Pkm Puding | W94: Sudah Diserahkan Ke Dinas
A95: 85 | B95: Sepeda Motor | C95: Sepeda motor | E95: Dinas Kesehatan | F95: Baik | G95: 3000000 | H95: 0 | I95: Besi + Baja | L95: 1990 | M95: Unit | N95: 1 | O95: 7 | Q95: BH 5362 BZ | R95: MHDA100VXRJ286358 | S95: A100.1D.173555 | T95: 0
A96: 86 | B96: Sepeda Motor | C96: Sepeda motor | E96: Dinas Kesehatan | F96: Baik | G96: 2500000 | H96: 0 | I96: Besi + Baja | L96: 1991 | M96: Unit | N96: 1 | O96: 7 | Q96: BH 7199 AZ | R96: TRS70578 | S96: E101.1D.127898 | T96: 0
A97: 87 | B97: Sepeda Motor | C97: Sepeda Motor | E97: Dinas Kesehatan | F97: Baik | G97: 2500000 | H97: 0 | I97: Besi + Baja | L97: 1991 | M97: Unit | N97: 1 | O97: 7 | Q97: BH 5213 BZ | R97: NC07761532 | S97: NCE1066177 | T97: 0
A98: 88 | B98: Sepeda Motor | C98: Sepeda motor | E98: Dinas Kesehatan | F98: Baik | G98: 2500000 | H98: 0 | I98: Besi + Baja | L98: 1992 | M98: Unit | N98: 1 | O98: 7 | Q98: BH 7446 BZ | R98: RC100.209323 | S98: E104-ID-298814 | T98: 0
A99: 89 | B99: Sepeda Motor | C99: Sepeda motor | E99: Dinas Kesehatan | F99: Baik | G99: 2500000 | H99: 0 | I99: Besi + Baja | L99: 1993 | M99: Unit | N99: 1 | O99: 7 | Q99: BH 7866 BZ | R99: MHDRC110NPJ194729 | S99: E107.1D.194939 | T99: 0
A100: 90 | B100: Sepeda Motor | C100: Sepeda motor | E100: Dinas Kesehatan | F100: Baik | G100: 2500000 | H100: 0 | I100: Besi + Baja | L100: 1993 | M100: Unit | N100: 1 | O100: 7 | Q100: BH 7505 BZ | R100: 3WL005077 | S100: 3HB.063236 | T100: 0
A101: 91 | B101: Sepeda Motor | C101: Sepeda motor | E101: Dinas Kesehatan | F101: Baik | G101: 2500000 | H101: 0 | I101: Besi + Baja | L101: 1993 | M101: Unit | N101: 1 | O101: 7 | Q101: BH 7496 AZ | R101: 3WL.005184 | S101: 3HB.063311 | T101: 0
A102: 92 | B102: Sepeda Motor | C102: Sepeda motor | E102: Dinas Kesehatan | F102: Baik | G102: 2500000 | H102: 0 | I102: Besi + Baja | L102: 1994 | M102: Unit | N102: 1 | O102: 7 | Q102: BH 5357 BZ | R102: MHDRC100PRJ-164868 | S102: E104.1D.388453 | T102: A-2497950 | U102: ada | V102: Pkm. Bahar IV | W102: Sudah diserahkan ke Dinkes
A103: 93 | B103: Sepeda Motor | C103: Sepeda Motor | E103: Dinas Kesehatan | F103: Baik | G103: 2500000 | H103: 0 | I103: Besi + Baja | L103: 1994 | M103: Unit | N103: 1 | O103: 7 | Q103: BH 5361 BZ | R103: MHDRC100PRJ-165760 | S103: E104-ID-389030 | T103: A-2497954 | U103: ada | V103: Dinkes
...

Sheet 03. DPUPR
A2: KARTU INVENTARIS BARANG ( KIB )
A3: B. PERALATAN MESIN ( KENDARAAN RODA 4 ( EMPAT ) DAN 2 ( DUA )
A6: PEMERINTAH PROVINSI | C6: : JAMBI
A7: KABUPATEN / KOTA | C7: : MUARO JAMBI
A8: UNIT ORGANISASI | C8: : DINAS PEKERJAAN UMUM DAN PENATAAN RUANG
A9: no | B9: spesifikasi | C9: spesifikasi_lainnya | D9: unit_kerja | E9: kondisi | F9: harga | G9: merk | H9: tahun | I9: KEBERADAAN SAAT PEMERIKSAAN | J9: no_polisi | K9: no_rangka | L9: no_mesin | M9: no_bpkb | N9: Pengguna
B10: KENDARAAN DINAS BERMOTOR PERORANGAN | F10: 1813250000
A11: 1 | B11: Multi Purpose Vehicle (MPV) | C11: Kijang Standar | D11: Dinas Pekerjaan Umum dan Penataan Ruang | E11: RB | F11: 85000000 | G11: Toyota | H11: 2000 | J11: BH 1277 G | K11: MHF11KF70Y0031224 | L11: 7K-0372156 | M11: B-0009508 | N11: Rusak Berat (Usulan Lelang)
A12: 2 | B12: Multi Purpose Vehicle (MPV) | C12: Innova Luxury V | D12: Dinas Pekerjaan Umum dan Penataan Ruang | E12: Baik | F12: 265500000 | G12: Toyota | H12: 2012 | J12: BH 1135 G EXS BH 27 GZ | K12: MHFXW43G8C4070098 | L12: ITR 7379385 | M12: J-01541391 | N12: Kepala Dinas
A13: 3 | B13: Multi Purpose Vehicle (MPV) | C13: Rush Type S | D13: Dinas Pekerjaan Umum dan Penataan Ruang | E13: Baik | F13: 194600000 | G13: Toyota | H13: 2013 | J13: BH 1170 G | K13: MHFE2CJ3JDK062840 | L13: DDK6793 | M13: K-00104004 | N13: Sekretaris Dinas
A14: 4 | B14: Multi Purpose Vehicle (MPV) | C14: Rush Type S | D14: Dinas Pekerjaan Umum dan Penataan Ruang | E14: Baik | F14: 194600000 | G14: Toyota | H14: 2013 | I14: Ada | J14: BH 1171 G EXS BH 272 GZ | K14: MHFE2CJ3JDK062733 | L14: DDK5526 | M14: K-00104005 | N14: Kepala Bidang Jasa Konstruksi
A15: 5 | B15: Multi Purpose Vehicle (MPV) | C15: Rush TRD | D15: Dinas Pekerjaan Umum dan Penataan Ruang | E15: Baik | F15: 217850000 | G15: Toyota | H15: 2013 | J15: BH 1196 G EXS BH 275 GZ | K15: MHFE2CJ3JDK072742 | L15: DDY6661 | M15: K-03202460 | N15: Kepala Bidang Pengairan
A16: 6 | B16: Multi Purpose Vehicle (MPV) | C16: Rush TRD | D16: Dinas Pekerjaan Umum dan Penataan Ruang | E16: Baik | F16: 217850000 | G16: Toyota | H16: 2013 | J16: BH 1203 G | K16: MHFE2CJ3JDK072195 | L16: DDY0728 | M16: K-03202459 | N16: Kepala Bidang Bina Marga
A17: 7 | B17: Multi Purpose Vehicle (MPV) | C17: Rush TRD | D17: Dinas Pekerjaan Umum dan Penataan Ruang | E17: Baik | F17: 217850000 | G17: Toyota | H17: 2013 | J17: BH 1202 G EXS BH 273 GZ | K17: MHFE2CJ3JDK073634 | L17: DDZ5807 | M17: K-03202458 | N17: Kepala Bidang Cipta Karya dan Penataan Ruang
A18: 8 | B18: Sport Utility Vehicle (SUV) | C18: Pajero Sport GLX 4x4 MT | D18: Dinas Pekerjaan Umum dan Penataan Ruang | E18: Baik | F18: 420000000 | G18: Mitsubishi | H18: 2014 | J18: BH 1237 G | K18: MMBGNKH40ED019576 | L18: 4D56UCFB5407 | M18: K-06092841 | N18: Kepala Dinas
B19: KENDARAAN BERMOTOR ANGKUTAN BARANG | F19: 4212616400
A20: 1 | B20: Truck + Attachment | C20: Dyna 130 PS HT High Gear PS | D20: Dinas Pekerjaan Umum dan Penataan Ruang | E20: Baik | F20: 300000000 | G20: Toyota | H20: 2012 | J20: BH 8152 G | K20: MHFC1JU43C5064582 | L20: W04DT-RJ66224 | M20: J-04375795 | N20: Kepala UPTD
A21: 2 | B21: Pick Up | C21: Panter Pick Up Turbo | D21: Dinas Pekerjaan Umum dan Penataan Ruang | E21: RB | F21: 21875000 | G21: Isuzu | H21: 2014 | J21: BH 8126 G EXS BH 9356 GZ | K21: MHCTBR54FEK169811 | L21: E169811 | M21: K-06099461 | N21: Rusak Berat (Usulan Lelang)
A22: 3 | B22: Truck + Attachment | C22: Colt Diesel FE 74 HDV | D22: Dinas Pekerjaan Umum dan Penataan Ruang | E22: Baik | F22: 294482400 | G22: Mitsubushi | H22: 2014 | J22: BH 8125 GZ | K22: MHMFE74P5EK129587 | L22: 4D34T-K69879 | M22: K-06098627 | N22: Kepala UPTD
A23: 4 | B23: Truck + Attachment | C23: 136 HDX DUMP TRUK DROP SIDE 4,5 M3 | D23: Dinas Pekerjaan Umum dan Penataan Ruang | E23: Baik | F23: 583448000 | G23: Hino | H23: 2025 | J23: BH 8042 G | K23: MJECCB2FXS5028545 | L23: N04CWYJ38981 | M23: W-07720296
A24: 5 | B24: Truck + Attachment | C24: 136 HDX DUMP TRUK DROP SIDE 4,5 M3 | D24: Dinas Pekerjaan Umum dan Penataan Ruang | E24: Baik | F24: 583448000 | G24: Hino | H24: 2025 | J24: BH 8043 G | K24: MJECCB2F6S5028591 | L24: N04CWYJ39022 | M24: W-07720297
A25: 6 | B25: Truck + Attachment | C25: 136 HDX DUMP TRUK DROP SIDE 4,5 M3 | D25: Dinas Pekerjaan Umum dan Penataan Ruang | E25: Baik | F25: 583448000 | G25: Hino | H25: 2025 | J25: BH 8044 G | K25: MJECCB2F1S5028529 | L25: N04CWYJ38975 | M25: W-07720298
A26: 7 | B26: Truck + Attachment | C26: 136 HDX DUMP TRUK DROP SIDE 4,5 M3 | D26: Dinas Pekerjaan Umum dan Penataan Ruang | E26: Baik | F26: 583448000 | G26: Hino | H26: 2025 | J26: BH 8046 G | K26: MJECCB2F8S5028558 | L26: N04CWYJ39003 | M26: W-07720300
A27: 8 | B27: Truck + Attachment | C27: 136 HDX DUMP TRUK DROP SIDE 4,5 M3 | D27: Dinas Pekerjaan Umum dan Penataan Ruang | E27: Baik | F27: 583448000 | G27: Hino | H27: 2025 | J27: BH 8047 G | K27: MJECCB2F6S5028557 | L27: N04CWYJ39004 | M27: W-07720301
A28: 9 | B28: Truck + Attachment | C28: 136 HDL Truk Pengangkut Alat Berat (Winch 10 T) | D28: Dinas Pekerjaan Umum dan Penataan Ruang | E28: Baik | F28: 679019000 | G28: Hino | H28: 2025 | J28: BH 8045 G | K28: MJEECB2F1S5006670 | L28: N0CWYJ39666 | M28: W-07720299
B29: KENDARAAN BERMOTOR BERODA DUA | F29: 969639500
A30: 1 | B30: Sepeda Motor | C30: Win Type M.CB | D30: Dinas Pekerjaan Umum dan Penataan Ruang | E30: RB | F30: 5000000 | G30: Honda | H30: 2000 | J30: BH 5029 GZ | K30: MHIHABA101K056894 | L30: HABAE-1056832 | M30: B-0620750 | N30: Rusak Berat (Usulan Lelang)
A31: 2 | B31: Sepeda Motor | C31: Supra | D31: Dinas Pekerjaan Umum dan Penataan Ruang | E31: RB | F31: 6000000 | G31: Honda | H31: 2001 | J31: BH 5055 GZ | K31: MH1KEV381K132676 | L31: KEV3E-1132846 | N31: Operasional Bidang Sekretariat
A32: 3 | B32: Sepeda Motor | C32: GL MAX | D32: Dinas Pekerjaan Umum dan Penataan Ruang | E32: RB | F32: 8000000 | G32: Honda | H32: 2004 | J32: BH 5274 GZ | K32: MH1UABE144K070682 | L32: UABEE-1070472 | M32: D-0410433 | N32: Rusak Berat (Usulan Lelang)
A33: 4 | B33: Sepeda Motor | C33: GL MAX | D33: Dinas Pekerjaan Umum dan Penataan Ruang | E33: RB | F33: 8000000 | G33: Honda | H33: 2004 | J33: BH 5272 GZ | K33: MH1UABE114K070350 | L33: UABEE-1070435 | M33: D-0410431 | N33: Satrio Aji Prasojo, ST
A34: 5 | B34: Sepeda Motor | C34: GL MAX | D34: Dinas Pekerjaan Umum dan Penataan Ruang | E34: RB | F34: 8000000 | G34: Honda | H34: 2004 | J34: BH 2489 G | K34: MH1UABR144K069502 | L34: UABEE-1068830 | N34: Ahmad Sodiqin, S.Kom (Bid. BM)
A35: 6 | B35: Sepeda Motor | C35: Supra Fit | D35: Dinas Pekerjaan Umum dan Penataan Ruang | E35: RB | F35: 7000000 | G35: Honda | H35: 2004 | J35: BH 5275 GZ | K35: MH1HB21164K265722 | L35: HB21E-1265560 | M35: D-1606007 | N35: Rahma Mastofani, SE
A36: 7 | B36: Sepeda Motor | C36: Mega Pro Type GL 160 D | D36: Dinas Pekerjaan Umum dan Penataan Ruang | E36: Baik | F36: 17755000 | G36: Honda | H36: 2009 | J36: BH 5852 GZ | K36: MH1KCIII59K235583 | L36: KC11E1237519 | M36: G-0276778 | N36: Ricky Eka Putra, SE (Bid. Pengairan)
A37: 8 | B37: Sepeda Motor | C37: Mega Pro | D37: Dinas Pekerjaan Umum dan Penataan Ruang | E37: Baik | F37: 17755000 | G37: Honda | H37: 2009 | I37: Ada | J37: BH 2654 G (EX BH 5850 GZ) | K37: MH1KC11129K235668 | L37: KC11E1237612
A38: 9 | B38: Sepeda Motor | C38: Mega Pro GL 160 D | D38: Dinas Pekerjaan Umum dan Penataan Ruang | E38: Baik | F38: 17755000 | G38: Honda | H38: 2009 | I38: Ada | J38: BH 2410 G | K38: MH1KC111X9K235661 | L38: KC11E1237648 | M38: G-0276779 | N38: Abdul Rasyid, ST
A39: 10 | B39: Sepeda Motor | C39: Mega Pro | D39: Dinas Pekerjaan Umum dan Penataan Ruang | E39: Baik | F39: 17755000 | G39: Honda | H39: 2009 | I39: Ada | J39: BH 2428 G | K39: MH1KCIII49K235669 | L39: KC11E1237630 | M39: G-0276722 | N39: Amri (Bid. Pengairan)
A40: 11 | B40: Sepeda Motor | C40: Mega Pro | D40: Dinas Pekerjaan Umum dan Penataan Ruang | E40: RB | F40: 17755000 | G40: Honda | H40: 2009 | J40: BH 2409 G | K40: MH1KC11109K235667 | L40: KC11E1237614 | M40: G-0276777
A41: 12 | B41: Sepeda Motor | C41: New Mega Pro CW | D41: Dinas Pekerjaan Umum dan Penataan Ruang | E41: Baik | F41: 18075000 | G41: Honda | H41: 2011 | I41: ADA | J41: BH 2537 G | K41: MH1KC311XBK153317 | L41: KC31E-1153057 | M41: I-05804043 | N41: M. Hairul Roji, ST (Pengawas)
A42: 13 | B42: Sepeda Motor | C42: New Mega Pro CW | D42: Dinas Pekerjaan Umum dan Penataan Ruang | E42: Baik | F42: 18075000 | G42: Honda | H42: 2011 | I42: ADA | J42: BH 2566 G | K42: MH1KC3111BK159491 | L42: KC31E-1160130 | N42: Sumartono, S.Sos (Fungsional Tehnik Jalan dan Jembatan)
A43: 14 | B43: Sepeda Motor | C43: New Mega Pro CW | D43: Dinas Pekerjaan Umum dan Penataan Ruang | E43: Baik | F43: 18075000 | G43: Honda | H43: 2011 | I43: ADA | J43: BH 2623 G | K43: MH1KC3112BK159466 | L43: KC31E 1159955 | M43: I-05804045 | N43: Ferdi Fadlan Hamdani, ST, MT (Fungsional Tehnik Jalan dan Jembatan)
A44: 15 | B44: Sepeda Motor | C44: New Mega Pro CW | D44: Dinas Pekerjaan Umum dan Penataan Ruang | E44: Baik | F44: 18075000 | G44: Honda | H44: 2011 | I44: Ada | J44: BH 2538 G | K44: MH1KC3114BK153457 | L44: KC31E1152776 | M44: I-05804041 | N44: Bastari (Kepala UPTD )
A45: 16 | B45: Sepeda Motor | C45: New Supra X 125 | D45: Dinas Pekerjaan Umum dan Penataan Ruang | E45: Baik | F45: 14500000 | G45: Honda | H45: 2011 | I45: Ada | J45: BH 6063 GZ | K45: MH1JBF1F1188KO311183 | L45: JBF1E 1029874 | M45: I-05804042 | N45: Operasional Bidang Sekretariat
A46: 17 | B46: Sepeda Motor | C46: New Mega Pro CW | D46: Dinas Pekerjaan Umum dan Penataan Ruang | E46: Baik | F46: 17707200 | G46: Honda | H46: 2012 | I46: Ada | J46: BH 2563 G | K46: MH1KC3111CK171156 | L46: KC31E-1170807 | M46: I-09291257 | N46: Yanora Handayani, SE (BPP CK)
A47: 18 | B47: Sepeda Motor | C47: New Mega Pro CW | D47: Dinas Pekerjaan Umum dan Penataan Ruang | E47: Baik | F47: 17707200 | G47: Honda | H47: 2012 | I47: Ada | J47: BH 2562 G (Ex BH 6086 GZ) | K47: MH1KC3119CK171194 | L47: KC31E-1170539
A48: 19 | B48: Sepeda Motor | C48: New Mega Pro CW | D48: Dinas Pekerjaan Umum dan Penataan Ruang | E48: Baik | F48: 17707200 | G48: Honda | H48: 2012 | I48: Ada | J48: BH 2540 G | K48: MH1KC3112CK186586 | L48: KC31E-1186088 | M48: I-09291255 | N48: Sefrizal (UPTD
A49: 20 | B49: Sepeda Motor | C49: New Mega Pro CW | D49: Dinas Pekerjaan Umum dan Penataan Ruang | E49: Baik | F49: 17707200 | G49: Honda | H49: 2012 | I49: Ada | J49: BH 2570 G (EX BH 6088 GZ) | K49: MH1KC3116CK186588 | L49: KC31E-1186210 | M49: I-09291194 | N49: Alpin, A. Md (Pengawas)
A50: 21 | B50: Sepeda Motor | C50: New Mega Pro CW | D50: Dinas Pekerjaan Umum dan Penataan Ruang | E50: Baik | F50: 17707200 | G50: Honda | H50: 2012 | I50: Ada | J50: BH 2541 G | K50: MH1KC3110CK184769 | L50: KC31E-1184516 | M50: I-09292914 | N50: (Bend. Gaji)
A51: 22 | B51: Sepeda Motor | C51: Vixion | D51: Dinas Pekerjaan Umum dan Penataan Ruang | E51: Baik | F51: 20353000 | G51: Yamaha | H51: 2012 | I51: ADA | J51: BH 6155 GZ | K51: MH331C1205CK110014 | L51: 3C11106189 | N51: Operasional Bidang Sekretariat
A52: 23 | B52: Sepeda Motor | C52: Jufiter MX | D52: Dinas Pekerjaan Umum dan Penataan Ruang | E52: Baik | F52: 16535350 | G52: Yamaha | H52: 2013 | I52: ADA | J52: BH 2758 G (Ex BH 6311 GZ) | K52: MH350C004DK664542 | L52: 50C-664672 | M52: K-03780335 | N52: M. Jufri
A53: 24 | B53: Sepeda Motor | C53: Jufiter MX | D53: Dinas Pekerjaan Umum dan Penataan Ruang | E53: Baik | F53: 16535350 | G53: Yamaha | H53: 2013 | J53: BH 6312 GZ | K53: MH350C004DK654446 | L53: 50C-654481 | M53: K-03780334 | N53: Reza Ilham, ST (Bid. Pengairan)
A54: 25 | B54: Sepeda Motor | C54: Xride | D54: Dinas Pekerjaan Umum dan Penataan Ruang | E54: Baik | F54: 12416300 | G54: Yamaha | H54: 2013 | I54: Ada | J54: BH 4064 G | K54: MH32BU001DJ055143 | L54: 2BU-055155 | M54: K-03780367 | N54: Fatima, SE (Pengawas Bid. BM)
A55: 26 | B55: Sepeda Motor | C55: Vixion | D55: Dinas Pekerjaan Umum dan Penataan Ruang | E55: Baik | F55: 21546500 | G55: Yamaha | H55: 2013 | I55: ADA | J55: BH 2242 G | K55: MH31PA002DK333127 | L55: 1PA-333163 | M55: K-03780333 | N55: Edi Wahyono, A.Md (Fungsional Tehnik Tata Bangunan dan Perumahan)
A56: 27 | B56: Sepeda Motor | C56: Vixion | D56: Dinas Pekerjaan Umum dan Penataan Ruang | E56: Baik | F56: 21546500 | G56: Yamaha | H56: 2013 | I56: Ada | J56: BH 6314 GZ | K56: MH31PA002DK333140 | L56: 1PA-333146 | M56: K-03780332 | N56: Operasional Bidang Sekretariat
A57: 28 | B57: Sepeda Motor | C57: KLX 150 S (trail) | D57: Dinas Pekerjaan Umum dan Penataan Ruang | E57: Baik | F57: 23000000 | G57: Kawasaki | H57: 2013 | J57: BH 2761 G | K57: MH4LX150CDKP89195 | L57: LX150CEPD4196 | M57: K-03782132
A58: 29 | B58: Sepeda Motor | C58: KLX 150 S (trail) | D58: Dinas Pekerjaan Umum dan Penataan Ruang | E58: Baik | F58: 23000000 | G58: Kawasaki | H58: 2013 | J58: BH 2405 G | K58: MH4LX150CDKP89162 | L58: LX150CEPD4172 | M58: K-03782131 | N58: Mustaim (Bid. BM)
A59: 30 | B59: Sepeda Motor | C59: KLX 150 S (trail) | D59: Dinas Pekerjaan Umum dan Penataan Ruang | E59: Baik | F59: 23000000 | G59: Kawasaki | H59: 2013 | I59: Ada | J59: BH 2768 G (Ex BH 6319 GZ) | K59: MH4LX150CDKP88992 | L59: LX150CEPD3619 | M59: K-03782133
A60: 31 | B60: Sepeda Motor | C60: NEW VIXION LIGHTNING | D60: Dinas Pekerjaan Umum dan Penataan Ruang | E60: Baik | F60: 159395500 | G60: Yamaha | H60: 2014 | I60: Ada | J60: BH 2478 G | K60: MH31PA004EK538246 | L60: 1PA-538386 | M60: K-08472970 | N60: Mundi Rahmat Hariawan, ST (Fungsional Tehnik Jalan dan Jembatan)
A61: 32 | B61: Sepeda Motor | C61: Vixion KS | D61: Dinas Pekerjaan Umum dan Penataan Ruang | E61: Baik | F61: 22300000 | G61: Yamaha | H61: 2014 | I61: Ada | J61: BH 4082 G | K61: MH31PA004EK732162 | L61: 1PA-733738 | M61: U-05221819 (EX L-03923349) | N61: Ali Mudin, SE (Bid. BM)
A62: 33 | B62: Sepeda Motor | C62: Vixion KS | D62: Dinas Pekerjaan Umum dan Penataan Ruang | E62: Baik | F62: 22300000 | G62: Yamaha | H62: 2014 | I62: Ada | J62: BH 2476 G | K62: MH31PA004EK732165 | L62: 1PA-733747 | M62: L-03923353 | N62: Sukemi, SE (Sekretariat)
A63: 34 | B63: Sepeda Motor | C63: Jupiter MXCW | D63: Dinas Pekerjaan Umum dan Penataan Ruang | E63: Baik | F63: 16375000 | G63: Yamaha | H63: 2014 | J63: BH 2426 G | K63: MH350C006EK887328 | L63: 50C-887329 | M63: L-03923352
A64: 35 | B64: Sepeda Motor | C64: Jupiter MXCW 50C (T135HC) | D64: Dinas Pekerjaan Umum dan Penataan Ruang | E64: Baik | F64: 16375000 | G64: Yamaha | H64: 2014 | I64: Ada | J64: BH 2473 G | K64: MH350C006EK887337 | L64: 50C-887321 | M64: L-03923351 | N64: Romaidi, ST (Fungsional Tehnik Penyehatan Lingkungan)
A65: 36 | B65: Sepeda Motor | C65: Jupiter MXCW | D65: Dinas Pekerjaan Umum dan Penataan Ruang | E65: Baik | F65: 16375000 | G65: Yamaha | H65: 2014 | I65: Ada | J65: BH 4084 G (EX BH 6541 GZ) | K65: MH350C006EK885703 | L65: 50C-885843 | M65: L-03923350 | N65: Pitri Yulianti, SE (Bid. BM)
A66: 37 | B66: Sepeda Motor | C66: Vega RRDB | D66: Dinas Pekerjaan Umum dan Penataan Ruang | E66: Baik | F66: 11955000 | G66: Yamaha | H66: 2014 | J66: BH 2492 G | K66: MH35D9207EJ95826 | L66: 5D9-195818 | M66: L-03923338 | N66: Ismet, A.Md (Bid. Pengairan)
A67: 38 | B67: Sepeda Motor | C67: New Vixion Advance | D67: Dinas Pekerjaan Umum dan Penataan Ruang | E67: Baik | F67: 23660000 | G67: Yamaha | H67: 2015 | I67: ada | J67: BH 2491 GZ | K67: MH3RG1810FK109675 | L67: G3E7E-0110180 | M67: L-06232087 | N67: BPP Bidang BM
A68: 39 | B68: Sepeda Motor | C68: New Vixion Advance | D68: Dinas Pekerjaan Umum dan Penataan Ruang | E68: Baik | F68: 23660000 | G68: Yamaha | H68: 2015 | J68: BH 6620 GZ | K68: MH3RG1810FK123579 | L68: G3E7E-0124402 | M68: L-06232086 | N68: Nanda Yudistira, ST
A69: 40 | B69: Sepeda Motor | C69: jupiter CW FI | D69: Dinas Pekerjaan Umum dan Penataan Ruang | E69: Baik | F69: 14680000 | G69: Yamaha | H69: 2015 | I69: ADA | J69: BH 6628 GZ | K69: MH3UEII20FJ046885 | L69: G3R5E-0048691 | M69: L-06232093 | N69: Mashuri, SE (Pengawas)
A70: 41 | B70: Sepeda Motor | C70: Type KLX 150 G | D70: Dinas Pekerjaan Umum dan Penataan Ruang | E70: Baik | F70: 27800000 | G70: Kawasaki | H70: 2016 | J70: BH 6696 GZ | K70: MH4LX150GGJP37204 | L70: LX 150 CEW 08058 | N70: Dafrizal (Bid. Pengairan)
A71: 42 | B71: Sepeda Motor | C71: Type KLX 150 G | D71: Dinas Pekerjaan Umum dan Penataan Ruang | E71: Baik | F71: 27800000 | G71: Kawasaki | H71: 2016 | I71: Ada | J71: BH 6695 GZ | K71: MH4LX150GGJP37336 | L71: LX 150 CEW 08283 | N71: Kepala UPTD
A72: 43 | B72: Sepeda Motor | C72: Type KLX 150 G | D72: Dinas Pekerjaan Umum dan Penataan Ruang | E72: Baik | F72: 27800000 | G72: Kawasaki | H72: 2016 | J72: BH 6694 GZ | K72: MH4LX150GGJP37203 | L72: LX 150 CEW 08055 | N72: Jhantan Grahadayana (Bid. BM)
A73: 44 | B73: Sepeda Motor | C73: Type KLX 150 G | D73: Dinas Pekerjaan Umum dan Penataan Ruang | E73: Baik | F73: 27800000 | G73: Kawasaki | H73: 2016 | J73: BH 6697 GZ | K73: MH4LX150GGJP37335 | L73: LX 150 CEW 08286 | N73: Suhenri Zulkarnain, ST (Fungsional tehnik Pengairan)
A74: 45 | B74: Sepeda Motor | C74: New Vixion Advance | D74: Dinas Pekerjaan Umum dan Penataan Ruang | E74: Baik | F74: 23660000 | G74: Yamaha | H74: 2016 | I74: Ada | J74: BH 6702 GZ | K74: MH3RG1810GK304533 | L74: G3E7E-0306277 | N74: Ludfi ibrahim Martawijaya, ST, ME (Bid. BM)
A75: 46 | B75: Sepeda Motor | C75: New Vixion Advance | D75: Dinas Pekerjaan Umum dan Penataan Ruang | E75: Baik | F75: 23660000 | G75: Yamaha | H75: 2016 | I75: Ada | J75: BH 6701 GZ | K75: MH3RG1810GK302839 | L75: G3E7E-0304469 | N75: Nur Azizah, S.Kom (Kasubbag Umum dan Keuangan)

Sheet 04. Perkim
A2: KARTU INVENTARIS BARANG ( KIB )
A3: B. PERALATAN MESIN ( KENDARAAN RODA 4 ( EMPAT ) DAN 2 ( DUA )
A6: PEMERINTAH PROVINSI | C6: : JAMBI
A7: KABUPATEN / KOTA | C7: : MUARO JAMBI
A8: UNIT ORGANISASI | C8: : DINAS PERUMAHAN DAN KAWASAN PERMUKIMAN
A9: no | B9: spesifikasi | C9: spesifikasi_lainnya | D9: unit_kerja | E9: kondisi | F9: harga | G9: merk | H9: tahun | I9: no_polisi | J9: no_rangka | K9: no_mesin | L9: no_bpkb | M9: Keterangan | N9: Pengguna | O9: UPDATE
B10: KENDARAAN DINAS BERMOTOR PERORANGAN | F10: =SUM(F11:F15) -> 1306100000
A11: 1 | B11: Multi Purpose Vehicle (MPV) | C11: Minibus | D11: Perkim | E11: Baik | F11: 225000000 | G11: Isuzu Phanter Adventure | H11: 2012 | I11: BH 1156 G | J11: MHCTBR54FCK315810 | K11: E315810 | L11: M-11771787 | N11: Baik (Baru Diperbaiki) | O11: Sekdis/ baik
A12: 2 | B12: Multi Purpose Vehicle (MPV) | C12: Multi Purpose Vehicle (MPV) | D12: Perkim | E12: Baik | F12: 373600000 | G12: Toyota-Kijang Inova | H12: 2017 | I12: BH 1004 G | J12: MHFAW8EM3H0205115 | K12: ITR-A247234 | L12: L-10935830 | N12: Kepala Dinas | O12: kadis / baik
A13: 3 | B13: Multi Purpose Vehicle (MPV) | C13: Kendaraan Roda 4 | D13: Perkim | E13: Baik | F13: 205500000 | H13: 2019 | N13: Sudah dimutasi ke DLH
A14: 4 | B14: Sport Utility Vehicle (SUV) | C14: Sport Utility Vehicle (SUV) | D14: Perkim | E14: Baik | F14: 251000000 | G14: TOYOTA RUSH -1.5 G M/T ALL NEW | H14: 2019 | I14: BH 1051 G | J14: MHKE8FA2JKJ000259 | K14: 2NRF903179 | L14: P-06385530 | M14: Reklas dari Kendaraan Bermotor Khusus | N14: Kepala Bidang Permukiman | O14: kabid/ RR
A15: 5 | B15: Sport Utility Vehicle (SUV) | C15: Sport Utility Vehicle (SUV) | D15: Perkim | E15: Baik | F15: 251000000 | G15: TOYOTA RUSH -1.5 G M/T ALL NEW | H15: 2019 | I15: BH 1052 G | J15: MHKE8FA2JKK008126 | K15: 2NRF909639 | L15: P-06385531 | M15: Reklas dari Kendaraan Bermotor Khusus | N15: Kepala Bidang PSU | O15: kabid PSU/baik
B16: KENDARAAN BERMOTOR BERODA DUA | F16: =SUM(F17:F34) -> 380114100
A17: 1 | B17: Sepeda Motor | C17: Sepeda Motor | D17: Perkim | E17: Baik | F17: 16905000 | G17: Honda Mega Pro CW 160 DB | H17: 2009 | I17: BH 2406 G exs BH 5840 GZ | J17: MH1KC11179K211222 | K17: KC11E-1213402 | L17: F-8688107 | M17: BH 5840 GZ/BH 2406 G | N17: Armen Sutera (Bendahara Pengeluaran) | O17: Bend. Pengeluaran/RR
A18: 2 | B18: Sepeda Motor | C18: Sepeda Motor | D18: Perkim | E18: Baik | F18: 16905000 | G18: Honda Mega Pro CW 160 DB | H18: 2009 | I18: BH 2407 G exs BH 5841 GZ | J18: MH1KC11189K211102 | K18: KC11E-1213316 | L18: F-8688108 | M18: BH 5841 GZ/BH 2407 G | N18: Adam Malik (Fungsional umum) | O18: Fungsional Umum/ baik
A19: 3 | B19: Sepeda Motor | C19: Sepeda Motor Roda 2 | D19: Perkim | E19: Baik | F19: 15455700 | G19: Honda Verza 150 CW | H19: 2013 | I19: BH 2202 G/ EX BH 6225 GZ | J19: MHIKC5215DK023801 | K19: KC52E1024057 | L19: K-01753071 | M19: EX BH 6225 GZ | N19: Operasional Bidang Sekretariat | O19: Plt. kasubag keuangan/baik
A20: 4 | B20: Sepeda Motor | C20: Sepeda Motor Roda 2 | D20: Perkim | E20: Baik | F20: 15455700 | G20: Honda Verza 150 CW | H20: 2013 | I20: BH 2212 G/ EX BH 6224 GZ | J20: MHIKC5218DK024571 | K20: KC52E1024675 | L20: K-01753056 | M20: EX BH 6224 GZ | N20: Sarizal Efendi (Pembantu PPK SKPD) | O20: Pemb. PPPK SKPD/baik
A21: 5 | B21: Sepeda Motor | C21: Sepeda Motor Roda 2 | D21: Perkim | E21: Baik | F21: 22555000 | G21: Yamaha New Aerox 155 VVA (standar Version) | H21: 2018 | I21: BH 2048 G | J21: MH3SG4610HJ079912 | K21: G3J1E-0118500 | L21: M-11807738 | N21: Meti Erinawati, S.HI (Fungsional Tehnik Penyehatan Lingkungan) | O21: Fungsional Teknis/ baik
A22: 6 | B22: Sepeda Motor | C22: Sepeda Motor Roda 2 | D22: Perkim | E22: Baik | F22: 22555000 | G22: Yamaha New Aerox 155 VVA (standar Version) | H22: 2018 | I22: BH 2049 G | J22: MH3SG4610HJ060844 | K22: G3J1E- 0087931 | L22: M-11807739 | N22: Rahmat Supriadi (Fungsional Tehnik Tata Bangunan dan Perumahan) | O22: Fungsional Teknis/ baik
A23: 7 | B23: Sepeda Motor | C23: Sepeda Motor Roda 2 | D23: Perkim | E23: Baik | F23: 22555000 | G23: Yamaha New Aerox 155 VVA (standar Version) | H23: 2018 | I23: BH 2050 G | J23: MH3SG4610HJ080499 | K23: G3J1E-0118977 | L23: M-11807740 | N23: Nyimas Yabin, SE (Fungsional Tehnik Tata Bangunan dan Perumahan) | O23: Fungsional Teknis/ baik
A24: 8 | B24: Sepeda Motor | C24: Sepeda Motor Roda 2 | D24: Perkim | E24: Baik | F24: 22555000 | G24: Yamaha New Aerox 155 VVA (standar Version) | H24: 2018 | I24: BH 2051 G | J24: MH3SG4610HJ080493 | K24: G3J1E-0119081 | L24: M-11807741 | N24: Ade Rahmat Kurniawan (PPK SKPD) | O24: Kasubag Perencanaan/baik
A25: 9 | B25: Sepeda Motor | C25: Sepeda Motor Roda 2 | D25: Perkim | E25: Baik | F25: 22555000 | G25: Yamaha New Aerox 155 VVA (standar Version) | H25: 2018 | I25: BH 2052 G | J25: MH3SG4610HJ079917 | K25: G3J1E-0118504 | L25: M-11807742 | N25: Dewi Utami (Pembantu PPK SKPD) | O25: Fungsional Umum/ baik
A26: 10 | B26: Sepeda Motor | C26: Sepeda Motor Roda 2 | D26: Perkim | E26: Baik | F26: 22555000 | G26: Yamaha New Aerox 155 VVA (standar Version) | H26: 2018 | I26: BH 2053 G | J26: MH3SG4610HJ069680 | K26: G3J1E-0099157 | L26: M-11807743 | N26: Maradhona Habibie, ST (Fungsional Tehnik Penyehatan Lingkungan) | O26: Fungsional Teknis/ baik
A27: 11 | B27: Sepeda Motor | C27: Sepeda Motor Roda 2 | D27: Perkim | E27: Baik | F27: 22555000 | G27: Yamaha New Aerox 155 VVA (standar Version) | H27: 2018 | I27: BH 2054 G | J27: MH3SG4610HJ062553 | K27: G3J1E-0089919 | L27: M-11807744 | N27: Zulkifli, SH (Fungsional Tehnik Tata Bangunan dan Perumahan) | O27: Fungsional Teknis/ baik
A28: 12 | B28: Sepeda Motor | C28: Sepeda Motor Roda 2 | D28: Perkim | E28: Baik | F28: 22555000 | G28: Yamaha New Aerox 155 VVA (standar Version) | H28: 2018 | I28: BH 2055 G | J28: MH3SG4610HJ069371 | K28: G3J1E-0098830 | L28: M-11807745 | N28: Sri Anggraini, SH (Fungsional Tehnik Tata Bangunan dan Perumahan) | O28: Fungsional Teknis/ baik
A29: 13 | B29: Sepeda Motor | C29: Sepeda Motor Roda 2 | D29: Perkim | E29: Baik | F29: 22555000 | G29: Yamaha New Aerox 155 VVA (standar Version) | H29: 2018 | I29: BH 2056 G | J29: MH3SG4610HJ070445 | K29: G3J1E-0100551 | L29: M-11807746 | N29: Heriyanto (Fungsional Teknis) | O29: Fungsional Teknis/ baik
A30: 14 | B30: Sepeda Motor | C30: Sepeda Motor Roda 2 | D30: Perkim | E30: Baik | F30: 16811700 | G30: Honda Scoopy Vin 2018 | H30: 2018 | I30: BH 2101 G | J30: MH1JM312XJK191033 | K30: JM31E-2186114 | L30: O-00840721 | N30: Lita Agusta (Bendahara Pengeluaran Pembantu) | O30: Bend. Gajibaik
A31: 15 | B31: Kendaraan Roda Dua | C31: Yamaha Lexi 125 cc | D31: Perkim | E31: Baik | F31: 22216000 | G31: Yamaha Lexi | H31: 2023 | I31: BH 2386 G | J31: MH3SEF310PJ266533 | K31: E31VE-0338826 | L31: T-04344624 | M31: DISPERKIM | N31: Adha Riadi, A.Md (Bendahara Pengeluaran Pembantu) | O31: BPP/baik
A32: 16 | B32: Kendaraan Bermotor Beroda Dua | C32: YAMAHA AEROX 155 CC | D32: Perkim | E32: Baik | F32: 27235000 | G32: YAMAHA AEROX 155 CC | H32: 2024 | I32: BH 2863 G | J32: MH3SG6410PJ291434 | K32: G3P4E-0212119 | L32: U-02070890 | N32: Erik Ahmad, ST (Fungsional Tehnik Tata Bangunan dan Perumahan) | O32: Fungsional Teknis/ baik
A33: 17 | B33: Kendaraan Bermotor Beroda Dua | C33: Yamaha Aerox 155 CC | D33: Perkim | E33: Baik | F33: 27235000 | G33: YAMAHA AEROX 155 CC | H33: 2024 | I33: BH 2862 G | J33: MH3SG6410PJ297979 | K33: G3P2E-0324845 | L33: U-02070889 | N33: Muhammad Kurniawan, SH (Fungsional Tehnik Tata Bangunan dan Perumahan) | O33: Fungsional Teknis/ baik
A34: 18 | B34: Kendaraan Bermotor Beroda Dua | C34: Yamaha Jupiter Z CW FI | D34: Perkim | E34: Baik | F34: 18900000 | G34: YAMAHA JUPITER Z CW FI | H34: 2024 | I34: BH 2864 G | J34: MH3UE1120RJ402580 | K34: E3R5E-0415089 | L34: U-02070891 | N34: Dudi Ruhian (Pengurus Barang Pengguna) | O34: Bend. Barang/baik

Sheet 05. Satpol PP
A2: KARTU INVENTARIS BARANG ( KIB )
A3: B. PERALATAN MESIN ( KENDARAAN RODA 4 ( EMPAT ) DAN 2 ( DUA )
A6: PEMERINTAH PROVINSI | C6: : JAMBI
A7: KABUPATEN / KOTA | C7: : MUARO JAMBI
A8: UNIT ORGANISASI | C8: : SATUAN POLISI PAMONG PRAJA
A9: no | B9: spesifikasi | C9: spesifikasi_lainnya | D9: unit_kerja | E9: kondisi | F9: harga | G9: merk | H9: tahun | I9: no_polisi | J9: no_rangka | K9: no_mesin | L9: no_bpkb | M9: keterangan | N9: Pengguna | O9: Jabatan Pengguna | P9: Usulan Lelang 2026
B10: KENDARAAN DINAS BERMOTOR PERORANGAN | F10: 1179370000
A11: 1 | B11: Minibus | D11: Satpol PP | E11: RB | F11: 50000000 | G11: Suzuki ST 150 Futura | H11: 2003 | I11: BH 1076 GZ | J11: MHYESL4153J539035 | K11: G15A-IA-539035 | M11: Rusak Berat | P11: Usulan Lelang
A12: 2 | B12: Mobil Patroli | D12: Satpol PP | E12: Baik | F12: 348250000 | G12: Mitsubishi New strada Triton | H12: 2012 | I12: BH 8110 G/ EX BH 9343 GZ/ EX BH 50 GZ | J12: MMBJNKB40CD015286 | K12: 4D56UCDA5187 | L12: I-10037985 | M12: BH 50 GZ/BH 9343 GZ/BH 8110 G (Rusak Ringan)
A13: 3 | B13: Sport Utility Vehicle (SUV) | D13: Satpol PP | E13: Baik | F13: 201400000 | G13: Toyota Rush 1500 VVTI Manual | H13: 2013 | I13: BH 1220 G/ EX BH 50 GZ/ EX BH 1185 GZ | J13: MHFE2CJ3JDK064859 | K13: DDN0868 | L13: K-02786533 | M13: BH 1185 GZ/BH 50 GZ/BH 1220 G | N13: Arif Rahman Hakim, S.Ag, MH | O13: Sekretaris
A14: 4 | B14: Multi Purpose Vehicle (MPV) | D14: Satpol PP | E14: Baik | F14: 389720000 | G14: TOYOTA Innova Venture 2.0 M/T | H14: 2018 | I14: BH 1022 G | J14: MHFAW8EM3J0210336 | K14: 1TRA484592 | L14: M-11828166 | M14: Mutasi ke DPTH 2026 | N14: Indra, S.Sos
A15: 5 | B15: Multi Purpose Vehicle (MPV) | D15: Satpol PP | E15: Baik | F15: 190000000 | G15: TOYOTA AVANZA NEW 1.3 ESTD M/T | H15: 2020 | I15: BH 1095 G | J15: MHKM5EA2JLK079725 | K15: 1NRG096924 | L15: P-06421968 | M15: Kendaraan Dinas Operasional PPNS | N15: Evirawati, S.Sos | O15: Kepala Bidang Penegakan Perundang-Undangan Daerah
B16: KENDARAAN BERMOTOR ANGKUTAN BARANG | F16: 902500000
A17: 6 | B17: Pick Up | D17: Satpol PP | E17: Baik | F17: 135000000 | G17: Toyota KF60 | H17: 2004 | I17: BH 9312 GZ | J17: MHF31KF6040031559 | K17: 7K-0717070 | L17: D-0972420 | M17: Patroli | N17: Said Afnie, SE | O17: Kepala Sub Bagian Umum dan Keuangan
A18: 7 | B18: Mobil Dalmas | D18: Satpol PP | E18: Baik | F18: 354500000 | G18: Toyota Dyna/130 HT High Gear PS | H18: 2012 | I18: BH 8015 GZ | J18: MHFC1JU43C50604878 | K18: W04DTRI66545 | L18: J-04079882 | M18: Dalmas | N18: Iswandi Ali Basah,SH.,MH | O18: Kepala Sub Bagian Perencanaan dan Kepegawaian
A19: 8 | B19: Pick Up | D19: Satpol PP | E19: Baik | F19: 413000000 | G19: Toyota Hilux Double Cabin 2.4 E 4x4/T | H19: 2020 | I19: BH 8012 G | J19: MR0DB8CDXL0180926 | K19: 2GD-4815531 | L19: P-06451380 | M19: Patroli | N19: Moh. Haffis, SE | O19: Kepala Bidang Ketentraman dan Ketertiban Umum
A20: 9 | D20: Satpol PP | E20: Baik | G20: Toyota/Hilux 2.4V | H20: 2025 | I20: BH 8048 G | J20: MR0BB3CD2S5817352 | K20: 2GDD540718 | L20: W-0772339 | M20: Pengawalan Bupati | N20: Iskandar, S.Sos, MM | O20: Kepala Sub Bagian Perencanaa
B21: KENDARAAN BERMOTOR BERODA DUA | F21: 204000000
A22: 1 | B22: Sepeda Motor | D22: Satpol PP | E22: RB | F22: 9000000 | G22: Honda Supra X | H22: 2004 | I22: BH 5294 GZ | J22: MH1KEVA15YK786347 | K22: KEVAE-1785486 | L22: D-1608692 | M22: Rusak Berat | P22: Usulan Lelang
A23: 2 | B23: Sepeda Motor | D23: Satpol PP | E23: Baik | F23: 32500000 | G23: Honda CRF 150 LVIN | H23: 2019 | I23: BH 2169 G | J23: MH1KD1111KK090173 | K23: KD11E-1089473 | L23: P-06390277 | N23: Feri Irawan | O23: Fungsional/Pengelola Gaji
A24: 3 | B24: Sepeda Motor | D24: Satpol PP | E24: Baik | F24: 32500000 | G24: Honda CRF 150 LVIN | H24: 2019 | I24: BH 2170 G | J24: MH1KD1117KK091067 | K24: KD11E-1090368 | L24: P-06390278 | N24: Muhamad Syahril. SE | O24: Kepala Seksi Operasional dan Pengendalian
A25: 4 | B25: Sepeda Motor | D25: Satpol PP | E25: Baik | F25: 32500000 | G25: Honda CRF 150LVIN | H25: 2019 | I25: BH 2168 G | J25: MH1KD1112KK090182 | K25: KD11E-1089478 | L25: P-06390276 | N25: Adi Candra | O25: Bendahara Pengeluaran
A26: 5 | B26: Sepeda Motor | D26: Satpol PP | E26: Baik | F26: 32500000 | G26: Honda CRF 150 LVIN | H26: 2019 | I26: BH 2171 G | J26: MH1KD1111KK092375 | K26: KD11E-1091757 | L26: P-06390279 | N26: Andiansyah, S.Pdi | O26: Kepala Seksi Satuan Perlindungan Masyarakat
A27: 6 | B27: Sepeda Motor | D27: Satpol PP | E27: Baik | F27: 32500000 | G27: Honda CRF 150 LVIN | H27: 2019 | I27: BH 2166 G | J27: MH1KD1113KK092359 | K27: KD11E-1091741 | L27: P-06390274 | N27: Indra, S.Sos | O27: Plt. Kepala Seksi Pembinaan, Penyuluhan dan Pengawasan
A28: 7 | B28: Sepeda Motor | D28: Satpol PP | E28: Baik | F28: 32500000 | G28: Honda CRF 150 LVIN | H28: 2019 | I28: BH 2167 G | J28: MH1KD1114KK092371 | K28: KD11E-1091753 | L28: P-06390275 | N28: H.Harianto, SE | O28: Kepala Seksi Bina Potensi dan Kerjasama Masyarakat
A30: Mutasi dari Sekretariat Daerah (Kepala Satuan)
A31: 11 | B31: Jeep | C31: Mitsubishi Pajero Sport GLX | D31: SETDA | E31: Baik | F31: 510774000 | H31: 2017 | I31: BH 1008 G | J31: MMBGNKS30GH041595 | K31: Operasional Bagian Umum

Sheet 06. Damkar
A2: KARTU INVENTARIS BARANG ( KIB )
A3: B. PERALATAN MESIN ( KENDARAAN RODA 4 ( EMPAT ) DAN 2 ( DUA )
A6: PEMERINTAH PROVINSI | C6: : JAMBI
A7: KABUPATEN / KOTA | C7: : MUARO JAMBI
A8: UNIT ORGANISASI | C8: : PEMADAM KEBAKARAN DAN PENYELAMATAN
A9: no | B9: spesifikasi | C9: spesifikasi_lainnya | D9: unit_kerja | E9: kondisi | F9: harga | G9: merk | H9: tahun | I9: no_polisi | J9: no_rangka | K9: no_mesin | L9: no_bpkb | M9: keterangan | N9: Pengguna | O9: Update | P9: Kterangan
A10: 1 | B10: Minibus | D10: DAMKAR | E10: Baik | F10: 135000000 | G10: Toyota KF80 | H10: 2004 | I10: BH 340 GZ/ ex BH 26 GZ | J10: MHF11KF8040089127 | K10: 7K-0696096 | L10: D-0972414 | M10: BH 26 GZ/BH 340 GZ | N10: A. Marzuki, SE | O10: A. Marzuki, SE (Kabid Pemadaman dan penyelamatan) | P10: Hapus dari usulan lelang
A11: 2 | B11: Pick Up Single Cabin | D11: DAMKAR | E11: Baik | F11: 133000000 | G11: Toyota Hi Lux | H11: 2008 | I11: BH 8109 G/ ex BH 9328 GZ | J11: MR0AW12GX80014505 | K11: ITR-6661492 | L11: F-8679506 | M11: BH 9328 GZ/BH 8109 G | N11: M. Sugiarto, SH | O11: M. Sugiarto, SH (Kabid sarpras)
A12: 3 | B12: Damkar | D12: DAMKAR | E12: Baik | F12: 375000000 | G12: Mitsubishi FE349 | H12: 2004 | I12: BH 8008 GZ | J12: MHMFE349E4R059750 | K12: 4D34-419818 | L12: D-3117908 | M12: Mutasi dari Distakokeberta 3 Jan 2017 | N12: Herman Susilo, SE | O12: Fire Truck
A13: 4 | B13: Damkar | D13: DAMKAR | E13: Baik | F13: 846395000 | G13: Mitsubishi FE 74 | H13: 2007 | I13: BH 8014 GZ | J13: MHMFE74P47K000533 | K13: 4D34T-C21374 | L13: F-6038165 | M13: Mutasi dari Distakokeberta 3 Jan 2017 | N13: M. Sugiarto, SH | O13: Fire Truck
A14: 5 | B14: Damkar | D14: DAMKAR | E14: Baik | F14: 849500000 | G14: Mitsubih FE 74 125 PS | H14: 2008 | I14: BH 8012 GZ | J14: MHMFE74P48K013528 | K14: 4D34T-D37025 | L14: F-0929476 | M14: Mutasi dari Distakokeberta 3 Jan 2017 | N14: A. Marzuki, SE | O14: Fire Truck
A15: 6 | B15: Damkar | D15: DAMKAR | E15: Baik | F15: 849500000 | G15: Mitsubih FE 74 125 PS | H15: 2008 | I15: BH 8013 GZ | J15: MHMFE74P48K011951 | K15: 4D34T-D22515 | L15: F-0929477 | M15: Mutasi dari Distakokeberta 3 Jan 2017 | N15: Doni Suhedi, SE | O15: Fire Truck
A16: 7 | B16: Damkar | D16: DAMKAR | E16: Baik | F16: 1347500000 | G16: Toyota | H16: 2014 | I16: BH 8019 GZ | J16: MHFC1JU43E5118354 | K16: W04DT-RR16075 | L16: K-06101231 | M16: Mutasi dari Distakokeberta 3 Jan 2017 | N16: Herman Susilo, SE | O16: Fire Truck
A18: 1 | B18: Sepeda Motor | D18: DAMKAR | E18: Baik | F18: 7000000 | G18: Honda Supra Fit | H18: 2004 | I18: BH 5299 GZ | J18: MHIKEVA194K786383 | K18: KEVAE-1785344 | L18: D-1608697 | M18: Mutasi dari Setda Kendaraan Ex Dinas ESDM | N18: Reni Salfiyanti, SE | O18: Reni Salfiyanti, SE (Kasubbid Perencanaan)
A19: 2 | B19: Sepeda Motor | D19: DAMKAR | E19: Baik | F19: 9000000 | G19: Honda Supra Fit | H19: 2006 | I19: BH 5362 GZ | J19: MH1HB411125K156199 | K19: HB41E-1148444 | L19: D-7689692 | M19: Mutasi dari Distakokeberta 3 Jan 2017 | N19: Musohhiron, SH | O19: Irwanto, SE (Kabid Pencegahan)
A20: 3 | B20: Sepeda Motor | D20: DAMKAR | E20: Baik | F20: 17707200 | G20: Honda Mega Pro CW | H20: 2012 | I20: BH 6115 GZ | J20: MH1KC3114CK170762 | K20: KC31E-1170356 | L20: I-10608586 | M20: Mutasi dari Distakokeberta 3 Jan 2017 | N20: M. Hambali Hs, SE | O20: M. Hambali Hs, SE (Kasubbag umum dan kepegawaian)
A21: 4 | B21: Sepeda Motor | D21: DAMKAR | E21: Baik | F21: 17707200 | G21: Honda Mega Pro CW | H21: 2012 | I21: BH 6114 GZ | J21: MH1KC3117CK170982 | K21: KC31E-1170614 | L21: I-10608587 | M21: Mutasi dari Distakokeberta 3 Jan 2017 | N21: Musilimin | O21: Musilimin (Bendahara Pengeluaran)
A22: 5 | B22: Sepeda Motor | D22: DAMKAR | E22: Baik | F22: 34372000 | G22: Honda CRF 150 L | H22: 2025 | I22: BH 2946 G | J22: MH1KD1112SK641503 | K22: KD11E-1640695 | L22: W-01950781 | N22: Pitra Ramdhani | O22: Pitra Ramdhani (Koor pos Kumpeh Ulu)
A23: 6 | B23: Sepeda Motor | D23: DAMKAR | E23: Baik | F23: 34372000 | G23: Honda CRF 150 L/Merah | H23: 2025 | I23: BH 2947 G | J23: MH1KD1115SK641060 | K23: KD11E-1640237 | L23: W-01950782 | N23: Hendro | O23: Hendro (Pengurus Barang)
A24: 7 | B24: Sepeda Motor | D24: DAMKAR | E24: Baik | F24: 34372000 | G24: Honda CRF 150 L | H24: 2025 | I24: BH 2945 G | J24: MH1KD1113SK641557 | K24: KD11E-1640784 | L24: W-01950780 | N24: Heri Andriyadi | O24: Heri Andriyadi (Komandan Pos Sungai Bahar)
A25: 8 | B25: Sepeda Motor | D25: DAMKAR | E25: Baik | F25: 34372000 | G25: Honda CRF 150 L | H25: 2025 | I25: BH 2951 G | J25: MH1KD1111SK641539 | K25: KD11E-1640765 | L25: W-01950786 | N25: Hasbiallah | O25: Hasbiallah (Pengelola daftar gaji)

Sheet 07. Dinsos
A2: KARTU INVENTARIS BARANG ( KIB )
A3: B. PERALATAN MESIN ( KENDARAAN RODA 4 ( EMPAT ) DAN 2 ( DUA )
A6: PEMERINTAH PROVINSI | C6: : JAMBI
A7: KABUPATEN / KOTA | C7: : MUARO JAMBI
A8: UNIT ORGANISASI | C8: : DINAS SOSIAL, PP dan PA
A9: no | B9: spesifikasi | C9: spesifikasi_lainnya | D9: unit_kerja | E9: kondisi | F9: harga | G9: merk | H9: tahun | I9: no_polisi | J9: no_rangka | K9: no mesin | L9: no_bpkb | M9: keterangan | N9: Pengguna | O9: Jabatan Pengguna | P9: Usulan Lelang
B10: KENDARAAN BERMOTOR PENUMPANG | F10: =SUM(F11:F17) -> 2067915000
A11: 1 | B11: Mini Bus ( Penumpang 14 Orang Kebawah ) | D11: Dinas Sosial, PP dan PA | E11: Baik | F11: 232947000 | G11: Kijang Inova G | H11: 2010 | I11: BH 1103 G (EX BH 1115 G) | J11: MHFXW42GOA2160940 | K11: 1TR-6924969 | L11: H-01976588 | M11: Mutasi ke Damkar
A12: 2 | B12: Mini Bus ( Penumpang 14 Orang Kebawah ) | D12: Dinas Sosial, PP dan PA | E12: Baik | F12: 199815000 | G12: Isuzu Phanter Smash Tubo LM | H12: 2010 | I12: BH 1139 G | J12: MHCTBR54FAK303645 | K12: E303645 | L12: H-0 3141103 | M12: Mutasi ex Bahar Utara | N12: Azhari, S.Ag, M.Pdi | O12: Plt. Sekretaris
A13: 3 | B13: Mini Bus ( Penumpang 14 Orang Kebawah ) | D13: Dinas Sosial, PP dan PA | E13: Baik | F13: 267453000 | G13: KIA Sportege 2 M/T | H13: 2012 | I13: BH 44 GZ | J13: MJJSL5232CK000666 | K13: G4KDBS185892 | L13: I-10608291 | M13: Mutasi Aset Setda | N13: Ika Nurhayati,SE/Lelang | P13: Usulan Lelang 2026
A14: 4 | B14: Mini Bus ( Penumpang 14 Orang Kebawah ) | D14: Dinas Sosial, PP dan PA | E14: RR | F14: 233400000 | G14: Daihatsu LUXIO1,5X M/T | H14: 2017 | I14: BH 1002 G | J14: MHKW3CA3JGK016939 | K14: 3SZDGB0574 | L14: L-10935259 | M14: Mobil Perlindungan | N14: Yoppy Ariansyah, S.TP, MH | O14: Kepala Bidang Pemberdayaan Perempuan dan Perlindungan Anak
A15: 5 | B15: Mini Bus ( Penumpang 14 Orang Kebawah ) | D15: Dinas Sosial, PP dan PA | E15: Baik | F15: 347000000 | G15: All New Kijang Innova 2.4 GM/T | H15: 2020 | I15: BH 1310 G | J15: MHFJB8EM6L1074843 | K15: 2GD-C767118 | L15: P-07642253 | M15: Aset Dinas Sosial | N15: Drs. Rossa Candra Budy.,M.Pd | O15: Kepala Dinas
A16: 6 | B16: Mini Bus ( Penumpang 14 Orang Kebawah ) | D16: Dinas Sosial, PP dan PA | E16: Baik | F16: 332000000 | G16: Rush 1.5 S A/T GR Sport | H16: 2025 | I16: BH 1376 G | J16: MHKE8FB3JSKI08869 | K16: 2NR4E12847 | L16: AA00083074 | M16: Aset Dinas Sosial | N16: Sutinem, SP | O16: Kepala Bidang Rehabilitasi Sosial
A17: 7 | B17: Pick Up | D17: Dinas Sosial, PP dan PA | E17: Baik | F17: 455300000 | G17: Hilux Double Cabin 2.4 E (4X4) DSL M/T | H17: 2025 | I17: BH 8041G | J17: MR0DB8CD0S0134665 | K17: 2GDD498401 | L17: AA-00082977 | M17: Aset Dinas Sosial | N17: Rahmat Hidayat, S.Sos | O17: Kepala Bidang Perlindungan Jaminan Sosial dan Penanganan Fakir Miskin
B18: KENDARAAN BERMOTOR BERODA DUA | F18: =SUM(F19:F30) -> 217720000
A19: 1 | B19: Sepeda Motor | D19: Dinas Sosial, PP dan PA | E19: Baik | F19: 6000000 | G19: Honda WIN | H19: 2003 | I19: BH 5257 GZ | J19: MHIHABC133K016437 | K19: HABCE-1016393 | L19: C-4693222 | M19: Mutasi dari Setda | N19: Djunaidi Abu Padhil, S.Kom | O19: Jabatan Fungsional Perencanaan | P19: Usulan Lelang 2026
A20: 2 | B20: Sepeda Motor | D20: Dinas Sosial, PP dan PA | E20: Baik | F20: 8100000 | G20: Yamaha RX King | H20: 2004 | I20: BH 5276 GZ | J20: MH33KA0144K705086 | K20: 0047581F | M20: Mutasi dari Setda | N20: Ika Nurhayati,SE | O20: Pengelola Kesejahteraan Sosial/Pejabat Pengelola Barang SKPD
A21: 3 | B21: Sepeda Motor | D21: Dinas Sosial, PP dan PA | E21: Baik | F21: 12750000 | G21: Honda Supra X 125 TD | H21: 2008 | I21: BH 5795 GZ | J21: MHIJB811688K289890 | K21: JB81E-1286039 | L21: F-6858741 | M21: Mutasi dari BPPKB | N21: Rustiawati, S.Ag | O21: Jabatan Fungsional Penyuluh Sosial Ahli Muda
A22: 4 | B22: Sepeda Motor | D22: Dinas Sosial, PP dan PA | E22: Baik | F22: 15500000 | G22: Honda Supra X 125 | H22: 2011 | I22: BH 6048 GZ | J22: MHIJBF11XBK031556 | K22: JBF1E-1030719 | L22: I-05390862 | M22: Kendaraan Berada di DPPKB dan belum dimutasi
A23: 5 | B23: Sepeda Motor | D23: Dinas Sosial, PP dan PA | E23: Baik | F23: 16150000 | G23: Honda City Sport One | H23: 2011 | I23: BH 6023 GZ | J23: MHijba116bk130765 | K23: I02354451F | M23: Mutasi dari Setda | N23: Shanty, SE | O23: Analis Perencanaan Anggaran
A24: 6 | B24: Sepeda Motor | D24: Dinas Sosial, PP dan PA | E24: Baik | F24: 20525000 | G24: Yamaha Vixion | H24: 2012 | I24: BH 6107 GZ | J24: MH33C1005CK847583 | K24: 3CI-848318 | L24: I-10605018 | M24: Mutasi dari Setda | N24: Mira Marlina | O24: Jabatan Pengadministrasian Barang Milik Negara
A25: 7 | B25: Sepeda Motor | D25: Dinas Sosial, PP dan PA | E25: Baik | F25: 18921000 | G25: Honda New Vario 125 CBS ISS | H25: 2017 | I25: BH 2488 G | J25: MHIJFV112GK513198 | K25: JFV1E1520614 | L25: P-06416260 | M25: Mutasi dari Kemen | N25: Arif Rohman | O25: Pengadministrasian Perkantoran
A26: 8 | B26: Sepeda Motor | D26: Dinas Sosial, PP dan PA | E26: Baik | F26: 18921000 | G26: Honda New Vario 125 CBS ISS | H26: 2017 | I26: BH 2487 G | J26: MH1JFV116GK512930 | K26: JFV1E1520246 | L26: P-06416241 | M26: Mutasi dari Kemen | N26: Lindawati, S.Gz | O26: Jabatan Fungsional Analis Kebijakan Muda
A27: 9 | B27: Sepeda Motor | D27: Dinas Sosial, PP dan PA | E27: Baik | F27: 27100000 | G27: Yamaha N-Max 155 Non ABS | H27: 2020 | I27: BH 2298 G | J27: MH3SG3192LK014268 | K27: G3E4E-2069430 | L27: P-07662441 | M27: Aset Dinas Sosial | N27: Hairosani, S.IP | O27: Jabatan Fungsional Penyuluh Sosial Ahli Muda
A28: 10 | B28: Sepeda Motor | D28: Dinas Sosial, PP dan PA | E28: Baik | F28: 23500000 | G28: Yamaha Aerox 155 VVA | H28: 2020 | I28: BH 2293 G | J28: MH3SG4610LJ323012 | K28: G3JE-0529910 | L28: P-07661957 | M28: Aset Dinas Sosial | N28: Budiman, SE | O28: Bendahara Pengeluaran
A29: 11 | B29: Sepeda Motor | D29: Dinas Sosial, PP dan PA | E29: Baik | F29: 22500000 | G29: Honda Vario 150 Sporty | H29: 2021 | I29: BH 2328 G | J29: MH1KF4124MK435669 | K29: KF41E2439593 | L29: Q-09563794 | M29: Aset Dinas Sosial | N29: Pirdaus, SE | O29: Kepala Sub Bagian Umum dan Kepegawaian
A30: 12 | B30: Sepeda Motor | D30: Dinas Sosial, PP dan PA | E30: Baik | F30: 27753000 | G30: Honda VARIO 160 ABS MMC | H30: 2024 | I30: BH 2906 G | J30: MH1KFA112RK270055 | K30: KFA1E-1269750 | L30: V-01660434 | M30: Dinas Sosial, PP dan PA | N30: M. Joko Susanto | O30: Operator Data Penata Usaha Keuangan

Sheet 08. BPBD
A2: KARTU INVENTARIS BARANG ( KIB )
A3: B. PERALATAN DAN MESIN
A4: Periode Laporan 1900 - 2025
B8: PEMERINTAH PROPINSI | C8: : JAMBI
B9: KABUPATEN/KOTA | C9: : MUARO JAMBI
B10: URUSAN | C10: : URUSAN PILIHAN
B11: BIDANG | C11: : Ketentraman dan Ketertiban Umum Serta Perlindungan Masyarakat
B12: UNIT ORGANISASI | C12: : Badan Penanggulangan Bencana Daerah
A16: no | B16: spesifikasi | C16: spesifikasi lainnya | D16: unit kerja | E16: kondisi | F16: harga | G16: merk | H16: tahun | I16: no polisi | J16: no rangka | K16: no mesin | L16: no bpkb | M16: keterangan | N16: pengguna | O16: Update | P16: Keterangan
B17: PERALATAN DAN MESIN | F17: =F18 -> 1901820800
B18: ALAT ANGKUTAN DARAT BERMOTOR | F18: =F19 -> 1901820800
B19: ALAT ANGKUTAN DARAT BERMOTOR | F19: =F20+F22+F25+F35 -> 1901820800
B20: KENDARAAN DINAS BERMOTOR PERORANGAN | F20: =F21 -> 272000000
A21: 1 | B21: Sport Utility Vehicle (SUV) | D21: BPBD | E21: Baik | F21: 272000000 | G21: Toyota Rush 1,5 S A/T | H21: 2019 | I21: BH 1059 G | J21: MHKE8FB3JKJ001537 | K21: 2NRF902767 | L21: P-06385928 | N21: Sekretaris BPBD | O21: Sekretaris BPBD | P21: Baik
B22: KENDARAAN BERMOTOR ANGKUTAN BARANG | F22: =SUM(F23:F24) -> 615600000
A23: 1 | B23: Pick Up | D23: BPBD | E23: Baik | F23: 185000000 | G23: Mitsubishi L 300 | H23: 2018 | I23: B 9376 TTA | J23: MK2L0PU3377004969 | K23: 4D56C877712 | L23: O-00997551 | N23: Kabid KL | P23: Baik
A24: 2 | B24: Pick Up | D24: BPBD | E24: Baik | F24: 430600000 | G24: Mitsubishi Triton 2.4 LDC GLS (4x4) | H24: 2021 | I24: BH 8019 G | J24: MMBJJKL10MH040474 | K24: 4N15UHN7352 | L24: S-01518078 | N24: Kepala Badan | P24: Baik
B25: KENDARAAN BERMOTOR BERODA DUA | F25: =SUM(F26:F34) -> 232388200
A26: 1 | B26: Sepeda Motor | D26: BPBD | E26: Baik | F26: 17711100 | G26: Honda Mega Pro | H26: 2012 | I26: BH 6181 GZ | J26: MH1KC3117CK250282 | K26: KC31E-1250260 | L26: J-04077721 | N26: Kabid RR | O26: Operasional | P26: Baik
A27: 2 | B27: Sepeda Motor | D27: BPBD | E27: Baik | F27: 17711100 | G27: Honda Mega Pro | H27: 2012 | I27: BH 6180 GZ | J27: MH1KC3112CK247743 | K27: KC31E-1247439 | L27: J-04077722 | N27: Kasubbag TU | O27: Operasional | P27: Baik
A28: 3 | B28: Sepeda Motor | D28: BPBD | E28: Baik | F28: 33060000 | G28: Honda CRF 150L | H28: 2022 | I28: BH 2369 G | J28: MH1KDD111NK337955 | K28: KD11E-1337377 | L28: T-01477560 | N28: Darmulus | O28: Operasional | P28: Baik
A29: 4 | B29: Sepeda Motor | D29: BPBD | E29: Baik | F29: 33060000 | G29: Honda CRF 150L | H29: 2022 | I29: BH 2368 G | J29: MH1KD1111XNK340739 | K29: KD11E-1340023 | L29: T-01477559 | N29: Kabid KL | O29: Operasional | P29: Baik
A30: 5 | B30: Sepeda Motor Patroli | D30: BPBD | E30: Baik | F30: 26587000 | G30: Kawasaki LX 150 | H30: 2012 | I30: BH 2527 G | J30: MH4LX150CCKP53820 | K30: LX150CEP82912 | L30: P-07644772 | M30: Ex. B 6035 PTQ / NPH No. PRJ-32/BNPB/05/2016 | N30: Leni Fitriani | O30: Operasional | P30: Baik
A31: 6 | B31: Sepeda Motor Patroli | D31: BPBD | E31: Baik | F31: 26587000 | G31: Kawasaki LX 150 | H31: 2012 | I31: B 6034 PTQ | J31: MH4LX150CCKP53490 | K31: LX150CEP82893 | L31: J-01961235 | M31: NPH No. PRJ-32/BNPB/05/2016 | N31: Nasaruddin | O31: Operasional | P31: Di Gudang
A32: 7 | B32: Sepeda Motor Patroli | D32: BPBD | E32: Baik | F32: 21550000 | G32: Kawasaki KLX 150S | H32: 2013 | I32: BH 6228 GZ | J32: MH4LX150CDKP72632 | K32: LX150CEPB1912 | L32: K-01756469 | N32: Kabid PK | O32: Operasional | P32: Baik
A33: 8 | B33: Sepeda Motor Patroli | D33: BPBD | E33: Baik | F33: 28061000 | G33: Kawasaki KLX 150 S | H33: 2015 | I33: BH 2529 G | J33: MH4LX150CFJP28038 | K33: LX150CEPM5425 | L33: P-07644774 | M33: NPH No. PRJ-926/BNPB/09/2016 | N33: Sudarto, ST | O33: Operasional | P33: Baik
A34: 9 | B34: Sepeda Motor Patroli | D34: BPBD | E34: Baik | F34: 28061000 | G34: Kawasaki KLX 150 S | H34: 2015 | I34: BH 2528 G | J34: MH4LX150CFJP27995 | K34: LX150CEPM5187 | L34: P-07644773 | M34: NPH No. PRJ-926/BNPB/09/2016 (Ex B 6597 TQC) | N34: Hasan Basri | O34: Operasional | P34: Baik
B35: KENDARAAN BERMOTOR KHUSUS | F35: =SUM(F36:F37) -> 781832600
A36: 1 | B36: Mobil Tangki Air | D36: BPBD | E36: Baik | F36: 332420000 | G36: Isuzu NKR 71 HD | H36: 2014 | I36: B 9293 PMA | J36: MHCNKR71HEJ063054 | K36: B063054 | L36: L-08481401 | M36: NPH No. PRJ-350/BNPB/08/2016 | N36: Kabid KL | P36: Baik
A37: 2 | B37: Rescue Car | D37: BPBD | E37: Rusak Berat | F37: 449412600 | G37: Ford Ranger | H37: 2013 | I37: BH 8141 G | J37: MNBDMFF80CW150204 | K37: P4AT1058364 | L37: P-07742029 | M37: NPH No. PRJ-925/BNPB/09/2016 (Ex B 9015 PSD) | N37: Rusak Berat | P37: Di Bengkel
F38: =F17 -> 1901820800

Sheet 9. Nakertrans
A2: KARTU INVENTARIS BARANG ( KIB )
A3: B. PERALATAN MESIN ( KENDARAAN RODA 4 ( EMPAT ) DAN 2 ( DUA )
A6: PEMERINTAH PROVINSI | C6: : JAMBI
A7: KABUPATEN / KOTA | C7: : MUARO JAMBI
A8: UNIT ORGANISASI | C8: : DINAS TENAGA KERJA DAN TRANSMIGRASI
A9: no | B9: spesifikasi | C9: spesifikasi_lainnya | D9: unit_kerja | E9: kondisi | F9: harga | G9: merk | H9: tahun | I9: no_polisi | J9: no_rangka | K9: no_mesin | L9: no_bpkb | M9: pengguna
B10: KENDARAAN BERMOTOR PENUMPANG | F10: 583965000
A11: 1 | B11: Minibus | D11: Dinas Tenaga Kerja dan Transmigrasi | E11: Baik | F11: 110000000 | G11: Toyota KF80LX Standar | H11: 2004 | I11: BH 45 GZ | J11: MHF11KF8040091324 | K11: 7K-0719321 | L11: D-0972416F | M11: Ir. H. Muhammad Yamin | N11: Kadis Lamo/ Tarik
A12: 2 | B12: Minibus | D12: Dinas Tenaga Kerja dan Transmigrasi | E12: Baik | F12: 258965000 | G12: Toyota Rush | H12: 2016 | I12: BH 1297 G/ EX BH 1226 GZ | J12: MHFE2CJ3JGK111199 | K12: 3SZDFU8260 | L12: L-08617691F | M12: Wawan Suprianto.S.Sos,MH.
A13: 3 | B13: Minibus | D13: Dinas Tenaga Kerja dan Transmigrasi | E13: Baik | F13: 215000000 | G13: Toyota Avanza New Pelos | H13: 2018 | I13: BH 1024 G | J13: MHKM5EA4JJK025079 | K13: 1NRF391911 | L13: M-11829737F | M13: M. Amin. HS.SH.
B14: KENDARAAN BERMOTOR ANGKUTAN BARANG | F14: 318900000
A15: 4 | B15: Pick Up | D15: Dinas Tenaga Kerja dan Transmigrasi | E15: Baik | F15: 318900000 | G15: Mitsubishi Triton GLS 2,5 | H15: 2010 | I15: BH 8091 G/ EX BH 9331 G | J15: MMBJNKB40AD020811 | K15: 4D56UCBW4440 | L15: H-00769112F | M15: Operasional Kantor | N15: Kadis
B16: KENDARAAN BERMOTOR BERODA DUA | F16: 103705700
A17: 5 | B17: Sepeda Motor | D17: Dinas Tenaga Kerja dan Transmigrasi | E17: Baik | F17: 5500000 | G17: Honda Win | H17: 2003 | I17: BH 5255 GZ | J17: MHIHABC123K016493 | L17: C-4693220 | M17: Rusak Berat/digudang
A18: 6 | B18: Sepeda Motor | D18: Dinas Tenaga Kerja dan Transmigrasi | E18: Rusak Berat | F18: 10500000 | G18: Yamaha Vega R | H18: 2006 | I18: BH 5380 GZ | J18: MH33P90016K005396 | K18: 3P9-005360 | L18: D-8939620F | M18: Operasional Kantor
A19: 7 | B19: Sepeda Motor | D19: Dinas Tenaga Kerja dan Transmigrasi | E19: Baik | F19: 10500000 | G19: Yamaha Vega R | H19: 2006 | I19: BH 2503 G/ EX BH 5384 G | J19: MH33P90016K003302 | K19: 3P9-002876 | L19: D-8939618F | M19: Azmi, S.Hi.
A20: 8 | B20: Sepeda Motor | D20: Dinas Tenaga Kerja dan Transmigrasi | E20: Baik | F20: 10500000 | G20: Yamaha Vega R | H20: 2006 | I20: BH 2501 G/ EX BH 5382 GZ | J20: MH33P90016K003229 | K20: 3P9-003551 | L20: D-8939619F | M20: Winton Candra.NS.SE.
A21: 9 | B21: Sepeda Motor | D21: Dinas Tenaga Kerja dan Transmigrasi | E21: Baik | F21: 10500000 | G21: Yamaha Vega R | H21: 2006 | I21: BH 2502 G/ EX BH 5383 GZ | J21: MH33P90016K003549 | K21: 3P9-002866 | L21: D-8939621F | M21: Syafri Agus Zulbahri,ST
A22: 10 | B22: Sepeda Motor | D22: Dinas Tenaga Kerja dan Transmigrasi | E22: Baik | F22: 10500000 | G22: Yamaha Vega R | H22: 2006 | I22: BH 2571 G/ EX BH 5381 GZ | J22: MH33P90016K000435 | K22: 3P9-000424 | L22: D-8939622F | M22: Afrizal, SH
A23: 11 | B23: Sepeda Motor | D23: Dinas Tenaga Kerja dan Transmigrasi | E23: Baik | F23: 16905000 | G23: Honda Mega Pro STD | H23: 2009 | I23: BH 2404 G/ EX BH 5838 GZ | J23: MH1KC121XPK161222 | K23: KC12E-1160653 | L23: F-8688105F | M23: M.Subhan. SE.
A24: 12 | B24: Sepeda Motor | D24: Dinas Tenaga Kerja dan Transmigrasi | E24: Baik | F24: 14500000 | G24: Honda Supra Helm in | H24: 2011 | I24: BH 2536 G/ EX BH 6047 GZ | J24: MH1JBF112BK032524 | K24: JBF1E-1031686 | L24: I-05389810F | M24: Siti Aminah, S.Sos.I
A25: 13 | B25: Sepeda Motor | D25: Dinas Tenaga Kerja dan Transmigrasi | E25: Baik | F25: 14300700 | G25: Honda Supra Helm in | H25: 2012 | I25: BH 2564 G/ EX BH6091 GZ | J25: MH1JBG118CK036391 | K25: JBG1E-1035386 | L25: I-10037634F | M25: Ratumas Nurida

Sheet 10. DKP
A2: KARTU INVENTARIS BARANG ( KIB )
A3: B. PERALATAN MESIN ( KENDARAAN RODA 4 ( EMPAT ) DAN 2 ( DUA )
A6: PEMERINTAH PROVINSI | C6: : JAMBI
A7: KABUPATEN / KOTA | C7: : MUARO JAMBI
A8: UNIT ORGANISASI | C8: : DINAS KETAHANAN PANGAN
A9: no | B9: spesifikasi | C9: spesifikasi_lainnya | D9: unit_kerja | E9: kondisi | F9: harga | G9: merk | H9: tahun | I9: no_polisi | J9: no_rangka | K9: no_mesin | L9: no_bpkb | M9: Nama Pengguna | N9: Jabatan | O9: keterangan
B10: KENDARAAN DINAS BERMOTOR PERORANGAN | F10: 359992825
A11: 1 | B11: Station Wagon | C11: YD25404695T | D11: Dinas Ketahanan Pangan | E11: Baik | F11: 359992825 | G11: Nissan Navara | H11: 2012 | I11: BH 8135 G/ EX BH 280 GZ/ EX BH 9340 GZ | J11: MNTVCU40Z0-045588 | K11: YD25-404695T | L11: I-11006956 | M11: Dr. M Iqbal, ME | N11: Sekretaris
B12: KENDARAAN BERMOTOR PENUMPANG | F12: 279850000
A13: 2 | B13: Mini Bus ( Penumpang 14 Orang Kebawah ) | C13: DBE8375 | D13: Dinas Ketahanan Pangan | E13: Baik | F13: 179850000 | G13: Toyota Rush 1,5 G | H13: 2009 | I13: BH 29 G/ Ex. BH 30 GZ/ EX BH 1101 GZ | J13: MHFE2CJ2J9K010029 | K13: DBE8375 | L13: F-7702936 | M13: Vivi Emilda, SP | N13: Kabid Konsumsi dan Keamanan Pangan
A14: 3 | B14: Mini Bus ( Penumpang 14 Orang Kebawah ) | C14: 7K-0480694 | D14: Dinas Ketahanan Pangan | E14: Baik | F14: 100000000 | G14: Toyota Kijang Standar | H14: 2009 | I14: BH 1270 G/ EX BH 300 GZ/ EX BH 31 GZ | J14: MHF11KF020035768 | K14: 7K-0480694 | L14: C-1667737 | M14: Amransyah, SE | N14: Pengawas Mutu Hasil Pertanian Ahli Muda
B15: KENDARAAN BERMOTOR BERODA DUA | F15: 149854300
A16: 1 | B16: Sepeda Motor | C16: KCE-1010568 | D16: Dinas Ketahanan Pangan | E16: Rusak Berat | F16: 4000000 | G16: Honda GL 100 | H16: 1996 | I16: BH 5574 BZ | K16: KCE-1010568
A17: 2 | B17: Sepeda Motor | C17: HABAE-1040054 | D17: Dinas Ketahanan Pangan | E17: Rusak Berat | F17: 4000000 | G17: Honda Win | H17: 1999 | I17: BH 5528 BZ | J17: MHIHABA14XK041081 | K17: HABAE-1040054 | L17: A-8117387
A18: 3 | B18: Sepeda Motor | C18: KCE-1010568 | D18: Dinas Ketahanan Pangan | E18: Rusak Berat | F18: 3000000 | G18: Honda GL 100 | H18: 1999 | I18: BH 5573 BZ | K18: KCE-1010568
A19: 4 | B19: Sepeda Motor | C19: HABAE-1036356 | D19: Dinas Ketahanan Pangan | E19: Rusak Berat | F19: 10200000 | G19: Honda Win | H19: 2001 | I19: BH 5096 GZ | J19: MHIHABB122K036355 | K19: HABAE-1036356
A20: 5 | B20: Sepeda Motor | C20: 1PA264269 | D20: Dinas Ketahanan Pangan | E20: Baik | F20: 21546500 | G20: Yanaha Vixion | H20: 2013 | I20: BH 2739 G/ EX BH 6284 GZ | J20: MH31PA002DK263997 | K20: 1PA-264269 | L20: K-03769646 | M20: M. Randy Muchsin, S.Pt | N20: Analis Pasar Hasil Pertanian Ahli Muda
A21: 6 | B21: Sepeda Motor | C21: IPA-257145 | D21: Dinas Ketahanan Pangan | E21: Baik | F21: 21546500 | G21: Yamaha Vixion | H21: 2013 | I21: BH 2745 G/ EX BH 6285 GZ | J21: MH31PA002DK257012 | K21: IPA-257145 | L21: K-03769647 | M21: Noermala Dewi, SE | N21: Kasubbag Umum dan Keuangan
A22: 7 | B22: Sepeda Motor | C22: 1PA264256 | D22: Dinas Ketahanan Pangan | E22: Baik | F22: 21546500 | G22: Yamaha Vixion | H22: 2013 | I22: BH 2640 G/ EX BH 6286 GZ | J22: MH31PA002DK263995 | K22: 1PA-264256 | L22: K-03769648 | M22: Ma'Ali.Y, SH | N22: Staff
A23: 8 | B23: Sepeda Motor | C23: IDY-186610 | D23: Dinas Ketahanan Pangan | E23: Baik | F23: 14407400 | G23: Yamaha Jupiter Z 1 | H23: 2013 | I23: BH 2738 G/ EX BH 6280 GZ | J23: MH31DY005DJ186591 | K23: IDY-186610 | L23: K-03767645 | M23: Yuli Astuti | N23: Staff
A24: 9 | B24: Sepeda Motor | C24: IDY-186581 | D24: Dinas Ketahanan Pangan | E24: Baik | F24: 14407400 | G24: Yamaha Jupiter Z 1 | H24: 2013 | I24: BH 2746 G/ EX BH 6281 GZ | J24: MH31DY005DJ186557 | K24: IDY-186581 | L24: K-03767646 | M24: Arjuna Ibun, SP | N24: Analis Ketahanan Pangan Ahli Muda
A25: 10 | B25: Sepeda Motor | C25: KC25E1243789 | D25: Dinas Ketahanan Pangan | E25: Baik | F25: 17600000 | G25: Honda Verza CW F1 | H25: 2015 | I25: BH 2452 G/ Ex BH 6563 GZ | J25: MHIKC5210FK246685 | K25: KC25E-1243789 | L25: L-03963343 | M25: Zulkoni, SH | N25: Staff
A26: 11 | B26: Sepeda Motor | C26: KC25E1244210 | D26: Dinas Ketahanan Pangan | E26: Baik | F26: 17600000 | G26: Honda Verza CW F1 | H26: 2015 | I26: BH 2451 G/ Ex BH 6572 GZ | J26: MHIKC5215FK246665 | K26: KC25E-1244210 | L26: L-03963098 | M26: Daiman Mauhlis, SH | N26: Staff

Sheet 10. DKP (data lama)
A2: KARTU INVENTARIS BARANG ( KIB )
A3: B. PERALATAN MESIN ( KENDARAAN RODA 4 ( EMPAT ) DAN 2 ( DUA )
A6: PEMERINTAH PROVINSI | C6: : JAMBI
A7: KABUPATEN / KOTA | C7: : MUARO JAMBI
A8: UNIT ORGANISASI | C8: : DINAS KETAHANAN PANGAN
A9: no | B9: spesifikasi | C9: spesifikasi_lainnya | D9: unit_kerja | E9: kondisi | F9: harga | G9: merk | H9: tahun | I9: no_polisi | J9: no_rangka | K9: no_mesin | L9: no_bpkb | M9: Nama Pengguna | N9: Jabatan | O9: keterangan
B10: KENDARAAN DINAS BERMOTOR PERORANGAN | F10: =F11 -> 359992825
A11: 1 | B11: Station Wagon | C11: YD25404695T | D11: Dinas Ketahanan Pangan | E11: Baik | F11: 359992825 | G11: Nissan Navara | H11: 2012 | I11: BH 280 GZ | M11: Amransyah, SE | N11: Kasi Pengawas Mutu Hasil Pertanian Ahli Muda | P11: BPKB TIDAK ADA
B12: KENDARAAN BERMOTOR PENUMPANG | F12: =SUM(F13:F14) -> 279850000
A13: 2 | B13: Mini Bus ( Penumpang 14 Orang Kebawah ) | C13: DBE8375 | D13: Dinas Ketahanan Pangan | E13: Baik | F13: 179850000 | G13: Toyota Rush 1,5 G | H13: 2009 | I13: BH 29 GZ, Ex. BH 30 GZ | J13: MHFE2CJ2J9K010029 | K13: DBE8375 | L13: F-7702936 | M13: Vivi Emilda, SP | N13: Kabid Konsumsi dan Keamanan Pangan
A14: 3 | B14: Mini Bus ( Penumpang 14 Orang Kebawah ) | C14: 7K-0480694 | D14: Dinas Ketahanan Pangan | E14: Baik | F14: 100000000 | G14: Toyota Kijang Standar | H14: 2009 | I14: BH 300 GZ | J14: MHF11KF020035768 | O14: RUSAK | P14: BPKB TIDAK ADA
B15: KENDARAAN BERMOTOR BERODA DUA | F15: =SUM(F16:F26) -> 149854300
A16: 1 | B16: Sepeda Motor | C16: KCE-1010568 | D16: Dinas Ketahanan Pangan | E16: Rusak Berat | F16: 4000000 | G16: Honda GL 100 | H16: 1996 | I16: BH 5574 BZ | O16: HILANG | P16: BPKB TIDAK ADA
A17: 2 | B17: Sepeda Motor | C17: HABAE-1040054 | D17: Dinas Ketahanan Pangan | E17: Rusak Berat | F17: 4000000 | G17: Honda Win | H17: 1999 | I17: BH 5528 BZ | J17: MHIHABA14XK041081 | K17: HABAE-1040654 | L17: A-8117387 | O17: HILANG
A18: 3 | B18: Sepeda Motor | C18: KCE-1010568 | D18: Dinas Ketahanan Pangan | E18: Rusak Berat | F18: 3000000 | G18: Honda GL 100 | H18: 1999 | I18: BH 5573 BZ | O18: RUSAK | P18: BPKB TIDAK ADA
A19: 4 | B19: Sepeda Motor | C19: HABAE-1036356 | D19: Dinas Ketahanan Pangan | E19: Rusak Berat | F19: 10200000 | G19: Honda Win | H19: 2001 | I19: BH 5096 GZ | J19: MHIHABB122K036355 | O19: RUSAK | P19: BPKB TIDAK ADA
A20: 5 | B20: Sepeda Motor | C20: 1PA264269 | D20: Dinas Ketahanan Pangan | E20: Baik | F20: 21546500 | G20: Yanaha Vixion | H20: 2013 | I20: BH 6284 GZ | M20: Noermala Dewi, SE | N20: Kasubag Umum dan Keuangan | P20: BPKB TIDAK ADA
A21: 6 | B21: Sepeda Motor | C21: IPA-257145 | D21: Dinas Ketahanan Pangan | E21: Baik | F21: 21546500 | G21: Yamaha Vixion | H21: 2013 | I21: BH 6285 GZ | J21: MH31PA002DK257012 | M21: M. Randy Muchsin, S.Pt | N21: Analis Pasar Hasil Pertanian Ahli Muda | P21: BPKB TIDAK ADA
A22: 7 | B22: Sepeda Motor | C22: 1PA264256 | D22: Dinas Ketahanan Pangan | E22: Baik | F22: 21546500 | G22: Yamaha Vixion | H22: 2013 | I22: BH 6286 GZ | J22: MH31PA002DK263995 | M22: Ma Ali.Y, SH | N22: Bendahara Pengeluaran | P22: BPKB TIDAK ADA
A23: 8 | B23: Sepeda Motor | C23: IDY-186610 | D23: Dinas Ketahanan Pangan | E23: Baik | F23: 14407400 | G23: Yamaha Jupiter Z 1 | H23: 2013 | I23: BH 6280 GZ | J23: MH31DY005DJ186591 | M23: Yuli Astuti | N23: Pengadministrasi Perencana dan Program | P23: BPKB TIDAK ADA
A24: 9 | B24: Sepeda Motor | C24: IDY-186581 | D24: Dinas Ketahanan Pangan | E24: Baik | F24: 14407400 | G24: Yamaha Jupiter Z 1 | H24: 2013 | I24: BH 6281 GZ | J24: MH31DY005DJ186557 | M24: Arjuna Ibun, SP | N24: Analis Ketahanan Pangan Ahli Muda | P24: BPKB TIDAK ADA
A25: 10 | B25: Sepeda Motor | C25: KC25E1243789 | D25: Dinas Ketahanan Pangan | E25: Baik | F25: 17600000 | G25: Honda Verza CW F1 | H25: 2015 | I25: BH 2452, Ex. BH 6563 GZ | J25: MHIKC5210FK246685 | K25: KC52E-1243789 | L25: L-03963343 | M25: Daiman Mauhlis, SH | N25: Analis Perencanaan Umum
A26: 11 | B26: Sepeda Motor | C26: KC25E1244210 | D26: Dinas Ketahanan Pangan | E26: Baik | F26: 17600000 | G26: Honda Verza CW F1 | H26: 2015 | I26: BH 2451 G, Ex. BH 6572 GZ | J26: MHIKC5215FK246665 | K26: KC52E-1244210 | L26: L-03963098 | M26: Zulkoni, SH | N26: Pengawas Harga Pangan

Sheet 11. DLH
A3: KARTU INVENTARIS BARANG ( KIB )
A4: B. PERALATAN MESIN ( KENDARAAN RODA 4 ( EMPAT ) DAN 2 ( DUA )
A7: PEMERINTAH PROVINSI | C7: : JAMBI
A8: KABUPATEN / KOTA | C8: : MUARO JAMBI
A9: UNIT ORGANISASI | C9: : DINAS LINGKUNGAN HIDUP
A10: no | B10: spesifikasi | C10: spesifikasi_lainnya | D10: unit_kerja | E10: kondisi | F10: harga | G10: merk | H10: tahun | I10: no_polisi | J10: no_rangka | K10: no_mesin | L10: no_bpkb | M10: keterangan | N10: Pengguna
B11: KENDARAAN DINAS BERMOTOR PERORANGAN | F11: =SUM(F12:F15) -> 1022596000
A12: 1 | B12: Minibus | C12: Minibus | D12: Dinas Lingkungan Hidup | E12: RR | F12: 140800000 | G12: Toyota Avanza 1300E | H12: 2009 | I12: BH 1268 G | J12: MHFM1BA2J9K017927 | K12: DE00633 | L12: F-8110670 | M12: BH 1103 GZ/BH 1268 G | N12: ADE KURNIAWAN.SH /JABATAN/KEPALA BIDANG DAN PENINGKATAN KAPASITAS LINGKUNGAN HIDUP | O12: KEPALA BIDANG DAN PENINGKATAN KAPASITAS LINGKUNGAN HIDUP
A13: 2 | B13: Minibus | C13: Minibus | D13: Dinas Lingkungan Hidup | E13: RB | F13: 344406000 | G13: Toyota Hilux Pick up 2,0L | H13: 2009 | I13: BH 8132 G/ EX BH 9330 GZ | J13: MR0AW12G190017794 | K13: 1TR-6794973 | L13: G-2143514 | N13: RUSAK BERAT | O13: USULAN LELANG
A14: 3 | B14: Minibus | C14: Minibus | D14: Dinas Lingkungan Hidup | E14: RB | F14: 145490000 | G14: Suzuki APV Pick UP | H14: 2016 | J14: 73161600-KDR-000065758
A15: 4 | B15: Minibus | C15: Minibus | D15: Dinas Lingkungan Hidup | E15: RB | F15: 391900000 | G15: Toyota Kijang Innova 2.4 V A/T DIESEL | H15: 2018 | J15: MHFGB8EM0J0419684
B16: KENDARAAN BERMOTOR ANGKUTAN BARANG | F16: =SUM(F17:F23) -> 2215240000
A17: 5 | B17: Minibus | C17: Minibus | D17: Dinas Lingkungan Hidup | E17: Baik | F17: 358815000 | G17: Toyota Hilux | H17: 2013 | I17: BH 8133 G/ EX BH 462 GZ | J17: MROFR22GB0DO758837 | K17: 2KDA136349 | M17: BH 462 GZ/BH8133 | N17: REFIANDY/JAB.KEPALA BID.PENGENDALIAN DAM PENCEMARAN KERUSAKAN LINGKUNGAN
A18: 6 | B18: Pick Up | C18: Mobil Pick Up | D18: Dinas Lingkungan Hidup | E18: Baik | F18: 140000000 | G18: Suzuki New Carry Pick Up (New) | H18: 2019
A19: 7 | B19: Truck + Attachment | C19: Kendaraan Roda 6 (enam) | D19: Dinas Lingkungan Hidup | E19: Baik | F19: 525425000 | G19: Besi + Baja | H19: 2022 | J19: MJECCB2F7N5004868 | M19: Mutasi dari Dinas Perkim TA 2023
A20: 8 | B20: Pick Up | C20: New Carry PICK UP FD | D20: Dinas Lingkungan Hidup | E20: Baik | F20: 161000000 | H20: 2023
A21: 9 | B21: Truck | C21: Truck Hino | D21: Dinas Lingkungan Hidup | E21: Baik | F21: 692000000 | G21: HINO | H21: 2024 | I21: BH 8034 G | J21: MJECCB2F8R5020034 | K21: N04CWJ30159 | L21: U-02078058 | M21: Dinas Lingkungan Hidup
A22: 10 | B22: Pick Up | C22: Pick Up Sampah | D22: Dinas Lingkungan Hidup | E22: Baik | F22: 169000000 | G22: new carry pick up FD Suzuki | H22: 2024 | I22: BH 8036 G | J22: MHYHDC61TRJ223182 | K22: K15BT1625459 | M22: Dinas Lingkungan Hidup | O22: DATA BARU
A23: 11 | B23: Pick Up | C23: Pick Up Pertamanan | D23: Dinas Lingkungan Hidup | E23: Baik | F23: 169000000 | G23: New Carry Pick Up Suzuki | H23: 2024 | I23: BH 8037 G | J23: MHYHDC61TRJ223362 | K23: K15BT1625426 | M23: Dinas Lingkungan Hidup | O23: DATA BARU
A24: 12 | B24: Pick Up | C24: new carry 04-FD UP 2025 | D24: Dinas Lingkungan Hidup | F24: 170000000 | G24: new carry 04-FD UP 2025 | H24: 2025 | I24: BH 8040 G | J24: MHYHDC61TSJ272333 | K24: K15BT1675031 | O24: DATA BARU
B25: KENDARAAN BERMOTOR BERODA DUA | F25: =SUM(F26:F28) -> 53277400
A26: 1 | B26: Sepeda Motor | C26: Sepeda Motor | D26: Dinas Lingkungan Hidup | E26: RB | F26: 17854400 | G26: Yamaha V-IXION | H26: 2009 | I26: BH 2441 G | J26: MH33C10029K194820 | K26: 3C1-196008 | L26: F-8236522 | M26: BH 5823 GZ/BH 2441 G | N26: AULIF.S.T/BENDAHARA PENGELUARAN
A27: 2 | B27: Sepeda Motor | C27: Sepeda Motor | D27: Dinas Lingkungan Hidup | E27: RR | F27: 20353000 | G27: Yamaha Vixion | H27: 2013 | I27: BH 2440 G | J27: MH33C1205DK160064 | K27: 3C1-1159782 | L27: K-01377759 | M27: BH 6211 GZ/BH 2440 G | N27: ASREN/BEND.PEMBUAT DAFTAR GAJI
A28: 3 | B28: Sepeda Motor | C28: Sepeda Motor | D28: Dinas Lingkungan Hidup | E28: RB | F28: 15070000 | G28: Yamahan Xeon | H28: 2013 | I28: BH 2439 G | J28: MH31LB001DK029267 | K28: 1LB-029368 | L28: K-01377761 | M28: BH 6210 GZ/BH 2439 G | N28: FADLAN/BENDAHARA PEMBANTU
A29: 4 | B29: Sepeda Motor | C29: Sepeda Motor | D29: Dinas Lingkungan Hidup | E29: Baik | F29: 28086000 | G29: vario 160 ABS LW I | H29: 2025 | I29: BH 2942 G | J29: MH1KFA114SK314627 | K29: KFA1E-1314484 | L29: V-06993026 | M29: BH 2942 G | N29: RTS.INDAH KARTINI,S.STP.M.H/KASUBBAG KEUANGAN DAN ASET
B30: KENDARAAN BERMOTOR BERODA TIGA | F30: =SUM(F31:F61) -> 3421850000
A31: 1 | B31: Bemo | C31: Sepeda Motor Roda 3 ( Pengangkut Sampah ) | D31: Dinas Lingkungan Hidup | E31: RB | F31: 23500000 | G31: Montrada | H31: 2012 | I31: BH 6126 GZ | J31: MGVA1T152BK001264 | L31: I-11004772 | M31: Mutasi dari Dinas Perkim TA 2023
A32: 2 | B32: Bemo | C32: Sepeda Motor Roda 3 ( Pengangkut Sampah ) | D32: Dinas Lingkungan Hidup | E32: RB | F32: 23500000 | G32: Montrada | H32: 2012 | I32: BH 6127 GZ | J32: MGVA1T152BK001165 | L32: I-11004773 | M32: Mutasi dari Dinas Perkim TA 2023
A33: 3 | B33: Bemo | C33: Sepeda Motor Roda 3 ( Pengangkut Sampah ) | D33: Dinas Lingkungan Hidup | E33: RB | F33: 23500000 | G33: Montrada | H33: 2012 | I33: BH 6129 GZ | J33: MGVA1T152BK001378 | L33: I-11004775 | M33: Mutasi dari Dinas Perkim TA 2023
A34: 4 | B34: Bemo | C34: Sepeda Motor Roda 3 ( Pengangkut Sampah ) | D34: Dinas Lingkungan Hidup | E34: RB | F34: 23500000 | G34: Montrada | H34: 2012 | I34: BH 6125 GZ | J34: MGVA1T152BK001373 | L34: I-11004771 | M34: Mutasi dari Dinas Perkim TA 2023
A35: 5 | B35: Bemo | C35: Sepeda Motor Roda 3 ( Pengangkut Sampah ) | D35: Dinas Lingkungan Hidup | E35: RB | F35: 23500000 | G35: Montrada | H35: 2012 | I35: BH 6128 GZ | J35: MGVA1T152BK001263 | L35: I-11004774 | M35: Mutasi dari Dinas Perkim TA 2023
A36: 6 | B36: Bemo | C36: Sepeda Motor Roda 3 ( Pengangkut Sampah ) | D36: Dinas Lingkungan Hidup | E36: RB | F36: 23500000 | G36: Jialing JH 150 | H36: 2012 | I36: BH 6176 GZ | J36: MJ2MHAM1FCJ000708 | L36: J-04073890 | M36: Mutasi dari Dinas Perkim TA 2023
A37: 7 | B37: Bemo | C37: Sepeda Motor Roda 3 ( Pengangkut Sampah ) | D37: Dinas Lingkungan Hidup | E37: RB | F37: 23500000 | G37: Jialing JH 150 | H37: 2012 | I37: BH 6178 GZ | J37: MJ2MHAM1FCJ000067 | L37: J-04073889 | M37: Mutasi dari Dinas Perkim TA 2023
A38: 8 | B38: Bemo | C38: Sepeda Motor Roda 3 ( Pengangkut Sampah ) | D38: Dinas Lingkungan Hidup | E38: RB | F38: 23500000 | G38: Jialing JH 150 | H38: 2012 | I38: BH 6177 GZ | J38: MJ2MHAM1FCJ000634 | L38: J-04073891 | M38: Mutasi dari Dinas Perkim TA 2023
A39: 9 | B39: Bemo | C39: Sepeda Motor Roda 3 | D39: Dinas Lingkungan Hidup | E39: RB | F39: 25000000 | G39: NAZOMI | H39: 2013 | I39: BH 6219 GZ | J39: MGZB3TMAHDJ001227 | L39: K-01750639 | M39: Mutasi dari Dinas Perkim TA 2023
A40: 10 | B40: Bemo | C40: Sepeda Motor Roda 3 | D40: Dinas Lingkungan Hidup | E40: RB | F40: 25000000 | G40: NAZOMI | H40: 2013 | I40: BH 6215 GZ | J40: MGZB3TMAHCJ001089 | L40: K-01749454 | M40: Mutasi dari Dinas Perkim TA 2023
A41: 11 | B41: Bemo | C41: Sepeda Motor Roda 3 | D41: Dinas Lingkungan Hidup | E41: RB | F41: 25000000 | G41: NAZOMI | H41: 2013 | I41: BH 6217 GZ | J41: MGZB3TMAHCJ001254 | L41: K-01749458 | M41: Mutasi dari Dinas Perkim TA 2023 | N41: Rusak Berat | O41: Kecamatan Sungai Bahar
A42: 12 | B42: Bemo | C42: Sepeda Motor Roda 3 | D42: Dinas Lingkungan Hidup | E42: RB | F42: 25000000 | G42: NAZOMI | H42: 2013 | I42: BH 6218 GZ | J42: MGZB8TMAHCJ000875 | L42: K-01750638 | M42: Mutasi dari Dinas Perkim TA 2023
A43: 13 | B43: Bemo | C43: Sepeda Motor Roda 3 | D43: Dinas Lingkungan Hidup | E43: RB | F43: 27000000 | G43: NAZOMI | H43: 2014 | I43: BH 6414 GZ | J43: MGZB3TMAHDJ000590 | L43: K-09672813 | M43: Mutasi dari Dinas Perkim TA 2023
A44: 14 | B44: Bemo | C44: Sepeda Motor Roda 3 | D44: Dinas Lingkungan Hidup | E44: RB | F44: 27000000 | G44: NAZOMI | H44: 2014 | I44: BH 6415 GZ | J44: MGZB3TMAHDJ002239 | L44: K-09672814 | M44: Mutasi dari Dinas Perkim TA 2023
A45: 15 | B45: Bemo | C45: Sepeda Motor Roda 3 | D45: Dinas Lingkungan Hidup | E45: RB | F45: 27000000 | G45: NAZOMI | H45: 2014 | I45: BH 6416 GZ | J45: MGZB3TMAHDJ0013 | L45: K-09672815 | M45: Mutasi dari Dinas Perkim TA 2023
A46: 16 | B46: Bemo | C46: Sepeda Motor Roda 3 | D46: Dinas Lingkungan Hidup | E46: RB | F46: 27000000 | G46: NAZOMI | H46: 2014 | I46: BH 6417 GZ | J46: MGZB3TMAHDJ000503 | L46: K-09672816 | M46: Mutasi dari Dinas Perkim TA 2023
A47: 17 | B47: Bemo | C47: Sepeda Motor Roda 3 | D47: Dinas Lingkungan Hidup | E47: RB | F47: 29000000 | G47: NAZOMI | H47: 2014 | I47: BH 6545 GZ | J47: MGZB4TMAHEJ000751 | L47: L-03944271 | M47: Mutasi dari Dinas Perkim TA 2023
A48: 18 | B48: Bemo | C48: Sepeda Motor Roda 3 | D48: Dinas Lingkungan Hidup | E48: RB | F48: 29000000 | G48: NAZOMI | H48: 2014 | I48: BH 6546 GZ | J48: MGZB4TMAHEJ000762 | L48: L-03944272 | M48: Mutasi dari Dinas Perkim TA 2023
A49: 19 | B49: Bemo | C49: Sepeda Motor Roda 3 | D49: Dinas Lingkungan Hidup | E49: RB | F49: 29000000 | G49: NAZOMI | H49: 2014 | I49: BH 6547 GZ | J49: MGZB4TMAHEJ000686 | M49: Mutasi dari Dinas Perkim TA 2023
A50: 20 | B50: Bemo | C50: Sepeda Motor Roda 3 | D50: Dinas Lingkungan Hidup | E50: RB | F50: 29000000 | G50: NAZOMI | H50: 2014 | I50: BH 6548 GZ | J50: MGZB4TMAHEJ001201 | L50: L-03944274 | M50: Mutasi dari Dinas Perkim TA 2023
A51: 21 | B51: Bemo | C51: Body panjang x lebar x tinggi 3600x1300x1450 mm,Floor Panel ;SUS 304 4 V MM | D51: Dinas Lingkungan Hidup | E51: Baik | F51: 146500000 | H51: 2023 | N51: R3
A52: 22 | B52: Bemo | C52: Body panjang x lebar x tinggi 3600x1300x1450 mm,Floor Panel ;SUS 304 4 V MM | D52: Dinas Lingkungan Hidup | E52: Baik | F52: 146500000 | H52: 2023 | N52: R3
A53: 23 | B53: Bemo | C53: Body panjang x lebar x tinggi 3600x1300x1450 mm,kapasitas slinder 200 cc | D53: Dinas Lingkungan Hidup | E53: Baik | F53: 84950000 | H53: 2023 | N53: Bak Sampah
A54: 24 | B54: Bemo | C54: Body panjang x lebar x tinggi 3600x1300x1450 mm,kapasitas slinder 200 cc | D54: Dinas Lingkungan Hidup | E54: Baik | F54: 84950000 | H54: 2023 | N54: Bak Sampah
A55: 25 | B55: Bemo | C55: Dump Truck Sampah Hino Dutro 136 HDX | D55: Dinas Lingkungan Hidup | E55: Baik | F55: 543000000 | H55: 2023 | I55: BH 8024 G | J55: MJECCB2F7P5013301 | K55: N04CWYJ23077 | L55: T-01502502 | N55: R6
A56: 26 | B56: Bemo | C56: Dump Truck Sampah Hino Dutro 136 HDX | D56: Dinas Lingkungan Hidup | E56: Baik | F56: 543000000 | H56: 2023 | I56: BH 8025 G | J56: MJECCB2F9P5013302 | K56: N04CWYJ23078 | L56: T-01502503 | N56: R6
A57: 27 | B57: Bemo | C57: Dump Truck Sampah Hino Dutro 136 HDX | D57: Dinas Lingkungan Hidup | E57: Baik | F57: 543000000 | H57: 2023 | I57: BH 8026 G | J57: MJECCB2F9P5013300 | K57: N04CWYJ23076 | L57: T-01502504 | N57: R6
A58: 28 | B58: Bemo | C58: Dump Truck Sampah Hino Dutro 136 HDX | D58: Dinas Lingkungan Hidup | E58: Baik | F58: 543000000 | H58: 2023 | I58: BH 8027 G | J58: MJECCB2F9P5013303 | K58: N04CWYJ23079 | L58: T-01502505 | N58: R6
A59: 29 | B59: Bemo | C59: Body panjang x lebar x tinggi 3600x1300x1450 mm,kapasitas slinder 200 cc | D59: Dinas Lingkungan Hidup | E59: Baik | F59: 84950000 | H59: 2023 | N59: Bak Sampah
A60: 30 | B60: Bemo | C60: Body panjang x lebar x tinggi 3600x1300x1450 mm,Floor Panel ;SUS 304 4 V MM | D60: Dinas Lingkungan Hidup | E60: Baik | F60: 146500000 | H60: 2023 | N60: R3
A61: 31 | B61: Kendaraan Bermotor Beroda Tiga | C61: motor viar type new karya 150-bak ram/2024 | D61: Dinas Lingkungan Hidup | E61: Baik | F61: 43500000 | G61: VIAR | H61: 2024 | I61: BH 2913 G | J61: MGRVR15TARL404396 | K61: YX161FMG24403922 | L61: V-01680245 | M61: Dinas Lingkungan Hidup
B62: KENDARAAN BERMOTOR KHUSUS | F62: =SUM(F63:F71) -> 2574495600
A63: 1 | B63: Truck Sampah | C63: Dump Truck | D63: Dinas Lingkungan Hidup | E63: RB | F63: 165500000 | G63: Mitsubishi Colt Diesel | H63: 2000 | I63: BH 4001 GZ | J63: MHMFE334EYR004859 | K63: 4D31-091520 | L63: B-0020776 | N63: RUSAK BERAT/LELANG | O63: USULAN LELANG
A64: 2 | B64: Truck Sampah | C64: Dump Truck | D64: Dinas Lingkungan Hidup | E64: RB | F64: 120000000 | G64: Mitsubishi Colt Diesel | H64: 2006 | I64: BH 8009 GZ | J64: MHMFE334E6R035774 | K64: 4D31-A99681 | L64: D-8938505 | N64: RUSAK BERAT/LELANG | O64: USULAN LELANG
A65: 3 | B65: Truck Sampah | C65: Dump Truck | D65: Dinas Lingkungan Hidup | E65: RB | F65: 160500000 | G65: Isuzu | H65: 2006 | I65: BH 8047 HZ | J65: MHC4KHL16J1004581 | L65: D-9865464 | N65: RUSAK BERAT/LELANG | O65: USULAN LELANG
A66: 4 | B66: Truck Sampah | C66: Dump Truck | D66: Dinas Lingkungan Hidup | E66: Baik | F66: 289850000 | G66: Toyota Dyna 130 HT Light Truck Dump | H66: 2012 | I66: BH 8135 HZ | J66: MHCFIJ043B5032126 | K66: W04DT-RJ36748 | L66: I-05089040 | N66: RUSAK BERAT/LELANG | O66: USULAN LELANG
A67: 5 | B67: Mobil Tangki Air | C67: Mobil Tangki Air | D67: Dinas Lingkungan Hidup | E67: Baik | F67: 367500000 | G67: Toyota Dyna Ht High Gear PS (Truck) Warna Biru | H67: 2017 | I67: BH 8002 G | J67: MHFC1JU43H5154781 | K67: W04DT-RR45847 | L67: M-04265872 | N67: ARIPIN
A68: 6 | B68: Truck Sampah | C68: Truck Sampah | D68: Dinas Lingkungan Hidup | E68: Baik | F68: 373200000 | G68: Toyota Dyna Ht High Gear PS (Truck) Warna Merah | H68: 2017 | I68: BH 8001 G | J68: MHFC1JU43H5154081 | K68: W04DT-RR45477 | L68: M-04265871 | N68: M.YUNUS UTOMO
A69: 7 | B69: Truck Sampah | C69: Truck Sampah | D69: Dinas Lingkungan Hidup | E69: Baik | F69: 373200000 | G69: Toyota Dyna Ht High Gear PS (Truck) Warna Merah | H69: 2017 | I69: BH 8001 K | J69: MHFC1JU43H5155629 | K69: W04DT-RR46355 | L69: M-11775090 | N69: AGISTI SAFARI
A70: 8 | B70: Truck Sampah | C70: Truck Sampah | D70: Dinas Lingkungan Hidup | E70: Baik | F70: 329000000 | G70: Hino Dutro 130 HD PS PTO Wanra Hijau | H70: 2017 | I70: BH 8007 A | J70: MJEC1JG43H5-159850 | K70: W04D TRR-50226 | L70: M-04266723 | N70: M.RIDWAN
A71: 9 | B71: Truck Sampah | C71: Truck Sampah | D71: Dinas Lingkungan Hidup | E71: Baik | F71: 395745600 | G71: Isuzu NMR 71T HD 6,1 (4X2) Dump Sampah 7M3 | H71: 2018 | I71: BH 8003 G | J71: MHCNMR71HJJ089143 | K71: B089143 | L71: M-11826439 | N71: M.ZUL IKHSAN

Sheet 12. Disdukcapil
A3: KARTU INVENTARIS BARANG ( KIB )
A4: B. PERALATAN MESIN ( KENDARAAN RODA 4 ( EMPAT ) DAN 2 ( DUA )
A7: PEMERINTAH PROVINSI | C7: : JAMBI
A8: KABUPATEN / KOTA | C8: : MUARO JAMBI
A9: UNIT ORGANISASI | C9: : DINAS KEPENDUDUKAN DAN PENCATATAN SIPIL
A10: no | B10: spesifikasi | C10: spesifikasi_lainnya | D10: unit_kerja | E10: kondisi | F10: harga | G10: merk | H10: tahun | I10: no_polisi | J10: no_rangka | K10: no mesin | L10: no_bpkb | M10: keterangan | N10: Pengguna | O10: Column1 | P10: Column2 | Q10: Keterangan
B11: KENDARAAN BERMOTOR PENUMPANG | F11: 941697000
A12: 1 | B12: Mini Bus ( Penumpang 14 Orang Kebawah ) | D12: Capil | E12: Baik | F12: 188750000 | G12: Toyota Rush 1,5 G | H12: 2009 | I12: BH 201 GZ | J12: MHFE2CJ2J9K009552 | N12: KABID | O12: Tidak Ada | Q12: Usul Lelang
A13: 2 | B13: Mini Bus ( Penumpang 14 Orang Kebawah ) | D13: Capil | E13: Baik | F13: 232947000 | G13: Innova G | H13: 2010 | I13: BH 67 GZ/BH 1143 G | J13: MHFXW42G3A2162214 | K13: 1TR-6936130 | L13: H-0 2618058 | N13: SEKDIS | O13: Ada | P13: Mutasi DPRD
A14: 3 | B14: Mini Bus ( Penumpang 14 Orang Kebawah ) | D14: Capil | E14: Baik | F14: 269000000 | G14: KIA | H14: 2013 | I14: BH 20 GZ | J14: MJJSL5232DK002014 | N14: KABID | O14: Tidak Ada | P14: Dari Beli
A15: 4 | B15: Mini Bus ( Penumpang 14 Orang Kebawah ) | D15: Capil | E15: Baik | F15: 251000000 | G15: New RUSH 1.5 G M/T | H15: 2020 | I15: BH 1307 G | J15: MHKE8FA2JLJ2147 | K15: 2NRG541887 | L15: P-06452814 | N15: SEKDIS | O15: Ada
B16: KENDARAAN BERMOTOR ANGKUTAN BARANG | F16: 475500000
A17: 5 | B17: Mobil | C17: HILUX DOUBLE CABIN 2.4 G (4X4) DSL M/T | D17: Capil | E17: Baik | F17: 475500000 | G17: HILUX | H17: 2023 | I17: BH 8023 G | J17: MROKB8CD5P1142768 | K17: 2GD1366384 | L17: T-01498894 | N17: KADIS | O17: Ada
B18: KENDARAAN BERMOTOR BERODA DUA | F18: 206253334
A19: 1 | B19: Sepeda Motor | D19: Capil | E19: Baik | F19: 12725000 | G19: Honda Supra X 125 SD | H19: 2007 | I19: BH 5526 GZ | J19: MH1JB51197K955178 | K19: JB51E-1942457 | L19: E-5584258 | N19: STAF | O19: Ada
A20: 2 | B20: Sepeda Motor | D20: Capil | E20: Baik | F20: 14833334 | G20: Yamaha Jupiter MX | H20: 2009 | I20: BH 5829 GZ | J20: MH31S70069K527516 | K20: 1S7-527749 | L20: F-8675088 | M20: Mutasi Dari DPRD | N20: STAF | O20: Ada
A21: 3 | B21: Sepeda Motor | D21: Capil | E21: Baik | F21: 12675000 | G21: Honda Revo | H21: 2009 | I21: BH 5820 GZ | J21: MH1JBC2109K014613 | K21: JBC2E-1019931 | L21: F-8110356 | N21: KASUBAG | O21: Ada
A22: 4 | B22: Sepeda Motor | D22: Capil | E22: Baik | F22: 17707200 | G22: Honda New Mega Pro | H22: 2012 | I22: BH 6098 GZ | J22: MH1KC8119CK194894 | K22: KC31E-1194333 | L22: I-10039165 | N22: FUNGSIONAL | O22: Ada
A23: 5 | B23: Sepeda Motor | D23: Capil | E23: Baik | F23: 13919200 | G23: Honda Supra X 125 CW | H23: 2012 | I23: BH 6099 GZ | J23: MH1JB9132CK005182 | K23: JB91E-2995289 | L23: I-10039164 | N23: FUNGSIONAL | O23: Ada
A24: 6 | B24: Sepeda Motor | D24: Capil | E24: Baik | F24: 11061400 | G24: Honda Supra X 125 | H24: 2013 | I24: BH 6207 GZ | J24: MJHIJB8119DK868765 | K24: JB81E-1864858 | L24: K-01376557 | N24: STAF | O24: Ada
A25: 7 | B25: Sepeda Motor | D25: Capil | E25: Baik | F25: 11061400 | G25: Honda Supra X 125 | H25: 2013 | I25: BH 6206 GZ | J25: JB119DK868717 | K25: JB81E-1864857 | L25: K-01376558 | N25: FUNGSIONAL | O25: Ada
A26: 8 | B26: Sepeda Motor | D26: Capil | E26: Baik | F26: 22122800 | G26: Honda New Mega Pro CW | H26: 2013 | I26: BH 6208 GZ | J26: MH1KC311XDK282774 | K26: KC31E-1281560 | L26: K-01376556 | N26: FUNGSIONAL | O26: Ada
A27: 9 | B27: Sepeda Motor | D27: Capil | E27: Baik | F27: 23500000 | G27: Yamaha AEROK 155 VVA VIN 2019 | H27: 2020 | I27: BH 2281 G | J27: MH3SG4610LJ312431 | K27: G3J1E-0514288 | L27: P-07648276 | N27: FUNGSIONAL | O27: Ada
A28: 10 | B28: Sepeda Motor | C28: LEXI Warna Merah No Mesin : E31VE - 0334792 | D28: Capil | E28: Baik | F28: 22216000 | G28: LEXI | H28: 2023 | I28: BH 2383 G | J28: MH3SEF310PJ262860 | K28: E31VE-0334792 | L28: T-04341898 | N28: STAF | O28: Ada
A29: 11 | B29: Sepeda Motor | C29: LEXI Warna Biru No Mesin : E31VE - 0333657 | D29: Capil | E29: Baik | F29: 22216000 | G29: LEXI | H29: 2023 | I29: BH 2384 G | J29: MH3SEF310PJ261804 | K29: E31VE-0333657 | L29: T-04341899 | N29: FUNGSIONAL | O29: Ada
A30: 12 | B30: Sepeda Motor | C30: LEXI Warna Hijau No Mesin : E31VE - 0329659 | D30: Capil | E30: Baik | F30: 22216000 | G30: LEXI | H30: 2023 | I30: BH 2385 G | J30: MH3SEF320PJ258247 | K30: E31VE-0329659 | L30: T-04341900 | N30: FUNGSIONAL | O30: Ada
A31: 13 | B31: Sepeda Motor | C31: Hitam No. Mesin : JB91E-2995348 | D31: Capil | G31: Honda | H31: 2012 | I31: BH 6101 GZ | J31: MHIJB9136CK004908 | K31: JB91E-2995348 | L31: I-10039163 | O31: Ada
A32: 14 | B32: Sepeda Motor | C32: Hitam No. Mesin : HABBE-1009230 | D32: Capil | G32: Honda | H32: 2000 | I32: BH 5031 GZ | J32: MHIHABBIXYK009090 | K32: HABBE-1009230 | L32: B-0382541 | O32: Ada | Q32: laku lelang 2023

Sheet 13. PMD
A3: KARTU INVENTARIS BARANG ( KIB )
A4: B. PERALATAN MESIN ( KENDARAAN RODA 4 ( EMPAT ) DAN 2 ( DUA )
A7: PEMERINTAH PROVINSI | C7: : JAMBI
A8: KABUPATEN / KOTA | C8: : MUARO JAMBI
A9: UNIT ORGANISASI | C9: : DINAS PEMBERDAYAAN MASYARAKAT DAN DESA
A10: no | B10: spesifikasi | C10: spesifikasi_lainnya | D10: unit_kerja | E10: kondisi | F10: harga | G10: merk | H10: tahun | I10: no_polisi | J10: no_rangka | K10: no_mesin | L10: no_bpkb | M10: keterangan | N10: Pengguna
B11: KENDARAAN BERMOTOR PENUMPANG | F11: =SUM(F12:F15) -> 674897900
A12: 1 | B12: Minibus | D12: PMD | E12: Baik | F12: 84000000 | G12: Toyota KF70 LX Standar | H12: 2000 | I12: BH 212 GZ/ 1214 G | J12: MHF11KF70Y00331147 | K12: 7K03370200 | M12: Mutasi dari Dinas Perhubungan | N12: BONI SEBAYANG
A13: 2 | B13: Minibus | D13: PMD | E13: RB | F13: 105000000 | G13: Toyota KF80 | H13: 2003 | I13: BH 1713 GZ | J13: MHF11KF8030078546 | K13: 7K-0583846 | M13: Mutasi Dari Sekda | N13: Rusak Berat
A14: 3 | B14: Minibus | D14: PMD | E14: Baik | F14: 200697900 | G14: Toyota Rush | H14: 2011 | I14: BH 1140 GZ | J14: MHFE2CJ2JBK025030 | K14: DCK8416 | N14: UMAR. S.E
A15: 4 | B15: Minibus | D15: PMD | E15: Baik | F15: 285200000 | G15: Toyota Kijang Inova | H15: 2016 | I15: BH 21 GZ | J15: MHFJW8EM6G230772 | K15: 1 TR A08293 | N15: DRS.SUKISNO.MM
B16: KENDARAAN BERMOTOR ANGKUTAN BARANG | F16: 274800000
A17: 5 | B17: Minibus Double Cabin | D17: PMD | E17: Baik | F17: 274800000 | G17: Mitsubishi Triton GLS/2008 | H17: 2011 | I17: BH 9325 GZ | J17: MMBJNKB409D012481 | K17: 4D56UCBH8231 | N17: ARMAN BUNADI.SE
B18: KENDARAAN BERMOTOR BERODA DUA | F18: =SUM(F19:F30) -> 216367000
A19: 1 | B19: Sepeda Motor | D19: PMD | E19: RB | F19: 8415000 | G19: Honda Legenda | H19: 2001 | I19: BH 5048 GZ | J19: MH1NFGE181K038994 | K19: NFGEE-103875 | N19: JASRIL CHAN/ Pensiun
A20: 2 | B20: Sepeda Motor | D20: PMD | E20: RR | F20: 5000000 | G20: Honda Win | H20: 2001 | I20: BH 5044 GZ | J20: MHIHABA101K056863 | K20: HABAE-1056825 | L20: B-0620747 | M20: Reclass dari Aset Lain-Lain | N20: ARYANTI NINGSIH.A.Md
A21: 3 | B21: Sepeda Motor | D21: PMD | E21: RR | F21: 5000000 | G21: Honda Win | H21: 2001 | I21: BH 5103 GZ | J21: MH1HABB192K036370 | K21: HABBE-1036357 | L21: C-2999033 | N21: ELIYA SUSANTI. S.E
A22: 4 | B22: Sepeda Motor | D22: PMD | E22: RR | F22: 17325000 | G22: Honda Mega Pro | H22: 2008 | I22: BH 5758 GZ | J22: MH1KC12108K111865 | K22: KC12E-1111806 | N22: DEDDY SUNARYA
A23: 5 | B23: Sepeda Motor | D23: PMD | E23: RR | F23: 17325000 | G23: Honda Mega Pro | H23: 2008 | I23: BH 5781 GZ | J23: MH1KC12108K111865 | K23: KC12E-1111806 | N23: RAHMAT PUTRA.S.E
A24: 6 | B24: Sepeda Motor | D24: PMD | E24: RR | F24: 14450000 | G24: Suzuki Thunder | H24: 2009 | I24: BH 5847 GZ | J24: MH8EN125A9J609342 | K24: F405ID609233 | N24: ASNI.S.E
A25: 7 | B25: Sepeda Motor | D25: PMD | E25: RR | F25: 14450000 | G25: Suzuki Thunder | H25: 2009 | I25: BH 5846 GZ | J25: MH8EN125A9J-609430 | K25: F405-1D-609266 | N25: ABDUL RAZAK.S.E
A26: 8 | B26: Sepeda Motor | D26: PMD | E26: RR | F26: 16670000 | G26: Yamaha Fino Sporty | H26: 2018 | I26: BH 2080 G | J26: MH3SE8840HJ222327 | K26: E3R2E-1575567 | L26: M-11870677 | N26: IMELDA SOSARINOVA.S.H
A27: 9 | B27: Sepeda Motor | C27: Honda Vario 160 CBS Aksesoris | D27: PMD | E27: Baik | F27: 24901000 | G27: HONDA VARIO | H27: 2024 | I27: BH 2857 G | J27: MH1KF0115RK605867 | K27: KF01E-1605516 | L27: U-02063540 | M27: Dinas Pemberdayaan Masyarakat dan Desa | N27: FORMIDE
A28: 10 | B28: Sepeda Motor | C28: Honda Vario 160 CBS Aksesoris | D28: PMD | E28: Baik | F28: 24901000 | G28: Honda Vario | H28: 2024 | I28: BH 2856 G | J28: MHIKF0117RK605403 | K28: KF01E-1605308 | L28: U-02063539 | M28: Dinas Pemberdayaan Masyarakat dan Desa | N28: SITI AMINAH.S.H
A29: 11 | B29: Sepeda Motor | C29: AEROX 155 / BH 2925 G | D29: PMD | E29: Baik | F29: 33840000 | G29: AEROX 155 ALPHA CYBERCITY | H29: 2025 | I29: BH 2925 G | J29: MH3SG9750SJ004012 | K29: G3W1E-0020172 | L29: V-06961463 | N29: M.ASRULLAH. S.T
A30: 12 | B30: Sepeda Motor | C30: All New Nmax / BH 2924 G | D30: PMD | E30: Baik | F30: 34090000 | G30: ALL NEW NMAX155 S- CUSTOM PAINTING | H30: 2025 | I30: BH 2924 G | J30: MH3SG5670RK441611 | K30: G3L8E-2020917 | L30: V-06961462 | N30: HALIPIAN

Sheet 14. DPPKB
A3: KARTU INVENTARIS BARANG ( KIB )
A4: B. PERALATAN MESIN ( KENDARAAN RODA 4 ( EMPAT ) DAN 2 ( DUA )
A7: PEMERINTAH PROVINSI | C7: : JAMBI
A8: KABUPATEN / KOTA | C8: : MUARO JAMBI
A9: UNIT ORGANISASI | C9: : DINAS PENENDALIAN PENDUDUK DAN KELUARG BERENCANA
A10: no | B10: spesifikasi | C10: spesifikasi_lainnya | D10: unit_kerja | E10: kondisi | F10: harga | G10: merk | H10: tahun | I10: no_polisi | J10: no_rangka | K10: no_mesin | L10: no_bpkb | M10: keterangan2 | N10: Pengguna
B11: KENDARAAN DINAS BERMOTOR PERORANGAN | F11: =SUM(F12:F14) -> 682920000
A12: 1 | B12: Minibus | C12: KF80 (LX Standar) | D12: DPPKB | E12: RB | F12: 110000000 | G12: Toyota | H12: 2004 | I12: BH 1244 G | J12: MHF11KF8040088715 | K12: 7K-0692026 | L12: D-0972415 | M12: Usulan Lelang Tahun 2026
A13: 2 | B13: Minibus | C13: Grand Livina | D13: DPPKB | E13: RB | F13: 180800000 | G13: Nissan | H13: 2009 | I13: BH 1239 G | J13: MHBG1CG1F9J027566 | K13: HR15-939711A | L13: G-0684855 | M13: Akan diperbaiki
A14: 3 | B14: Minibus | C14: Kijang Innova 2.4 V AT | D14: DPPKB | E14: Baik | F14: 392120000 | G14: Toyota | H14: 2018 | I14: BH 1018 GZ | J14: MHFGB8EM3J0419291 | K14: 2GD-C345769 | L14: M-11800953 | N14: Nur Subyantoro,SE (Kepala Dinas)
B15: KENDARAAN BERMOTOR BERODA DUA | F15: =SUM(F16:F115) -> 1716417000
A16: 1 | B16: Sepeda Motor | C16: Sanex Beta | D16: DPPKB | E16: Baik | F16: 2000000 | G16: Sanex Beta | H16: 2000 | I16: BH 2045 GZ | J16: LAWXEGOE2YA002221 | K16: QJ15OFMG-300000393 | L16: C-0767699
A17: 2 | B17: Sepeda Motor | C17: Supra X125 TR | D17: DPPKB | E17: Baik | F17: 14150000 | G17: Honda | H17: 2008 | I17: BH 5864 GZ | J17: MH1JB91119K929314 | K17: JB91E-1925932 | L17: G-1302211 | N17: Oyong Hadril,SE (Seksi Penyuluhan dan Pemberdayaan PLKB dan Kader KB)
A18: 3 | B18: Sepeda Motor | C18: Supra X 125 TR | D18: DPPKB | E18: Baik | F18: 14150000 | G18: Honda | H18: 2008 | I18: BH 5865 GZ | J18: MH1JB911X9K931191 | K18: JB91E-1928234 | L18: G-1302480
A19: 4 | B19: Sepeda Motor | C19: Mega Pro CW | D19: DPPKB | E19: Baik | F19: 17525000 | G19: Honda | H19: 2008 | I19: BH 5808 GZ | J19: MH1KC121X8K126937 | K19: KC12E-1126635 | L19: F-6858347
A20: 5 | B20: Sepeda Motor | C20: Supra X125 TD | D20: DPPKB | E20: Baik | F20: 12750000 | G20: Honda | H20: 2008 | I20: BH 5806 GZ | J20: MHIJ811688K277285 | L20: F-6858350 | N20: Rhis Quatrin Palupy, SKM (Bendahara Pengeluaran Pembantu)
A21: 6 | B21: Sepeda Motor | C21: Supra X125 TD | D21: DPPKB | E21: Baik | F21: 12750000 | G21: Honda | H21: 2008 | I21: BH 5801 GZ | J21: MH1JB81118K292966 | K21: JB81E-1289660 | L21: F-6858345
A22: 7 | B22: Sepeda Motor | C22: Supra X125 TD | D22: DPPKB | E22: Baik | F22: 12750000 | G22: Honda | H22: 2008 | I22: BH 5802 GZ | J22: MH1JB811X8K277298 | K22: JB81E-1274031 | L22: F-6858346 | N22: Masrifah, S.Ag (Bendahara Pengeluaran Pembantu)
A23: 8 | B23: Sepeda Motor | C23: Supra X125 TD | D23: DPPKB | E23: RB | F23: 12750000 | G23: Honda | H23: 2008 | I23: BH 5805 GZ | J23: MH1JB81118K277285 | K23: JB81E-1274285 | L23: F-6858353 | M23: Akan diperbaiki
A24: 9 | B24: Sepeda Motor | C24: Supra X125 TD | D24: DPPKB | E24: Baik | F24: 12750000 | G24: Honda | H24: 2008 | I24: BH 5809 GZ | J24: MH1JB81148K283131 | K24: JB81E-1279681 | L24: F-6858349
A25: 10 | B25: Sepeda Motor | C25: Supra X125 TD | D25: DPPKB | E25: Baik | F25: 12750000 | G25: Honda | H25: 2008 | I25: BH 5810 GZ | J25: MH1JB81128K289848 | K25: JB81E-1286037 | L25: F-6858348
A26: 11 | B26: Sepeda Motor | C26: Supra X125 TD | D26: DPPKB | E26: Baik | F26: 12750000 | G26: Honda | H26: 2008 | I26: BH 5796 GZ | J26: MH1JB81188K294259 | K26: JB81E-1290357 | L26: F-6858740 | N26: Dika Ristio Ritonga (Staff)
A27: 12 | B27: Sepeda Motor | C27: Mega Pro CW | D27: DPPKB | E27: Baik | F27: 17525000 | G27: Honda | H27: 2008 | I27: BH 5804 GZ | J27: MH1KC12108K126929 | K27: KC12E-1126637 | L27: F-6858351 | N27: Maisyarah, S.Pd (PKB Kec. Taman Rajo)
A28: 13 | B28: Sepeda Motor | C28: Mega Pro CW | D28: DPPKB | E28: Baik | F28: 17525000 | G28: Honda | H28: 2008 | I28: BH 5807 GZ | J28: MH1KC12138K126861 | K28: KC12E-1126708 | L28: F-6858344
A29: 14 | B29: Sepeda Motor | C29: Mega Pro CW | D29: DPPKB | E29: Baik | F29: 17525000 | G29: Honda | H29: 2008 | I29: BH 5803 GZ | J29: MH1KC12118K126938 | K29: KC12E-1126639 | L29: F-6858352
A30: 15 | B30: Sepeda Motor | C30: Supra X 125 TR | D30: DPPKB | E30: Baik | F30: 14150000 | G30: Honda | H30: 2008 | I30: BH 5869 GZ | J30: MH1JB911X9K929294 | K30: JB91E-1926123 | L30: G-1302482 | N30: Usman Gumanti (Bendahara Barang Milik Daerah)
A31: 16 | B31: Sepeda motor | C31: Supra X125 TR | D31: DPPKB | E31: RB | F31: 14150000 | G31: Honda | H31: 2008 | I31: BH 5866 GZ | J31: MH1JB911X9K929330 | K31: JB91E-1925479 | L31: G-1302481 | M31: Usulan Lelang Tahun 2026
A32: 17 | B32: Sepeda Motor | C32: Supra X125 TR | D32: DPPKB | E32: Baik | F32: 14150000 | G32: Honda | H32: 2008 | I32: BH 5868 GZ | J32: MH1JB91139K931310 | K32: JB91E-1928121 | L32: G-1302486 | N32: Syechfe'i Muhammad M (Staff)
A33: 18 | B33: Sepeda motor | C33: Supra X 125 TR | D33: DPPKB | E33: Baik | F33: 14150000 | G33: Honda | H33: 2008 | I33: BH 5872 GZ | J33: MH1JB91109K929336 | K33: JB91E-1926165 | L33: G-1302210 | N33: Mulyadi, S.Sos i (Seksi Advokasi dan Penggerakan)
A34: 19 | B34: Sepeda Motor | C34: Supra X 125 TR | D34: DPPKB | E34: Baik | F34: 14150000 | G34: Honda | H34: 2008 | I34: BH 5871 GZ | J34: MH1JB91119K929331 | K34: JB91E-1925476 | L34: G-1302487 | N34: Ratih Mayang Sari, SE (Seksi Pembinaan dan Peningkatan Kesertaan KB)
A35: 20 | B35: Sepeda Motor | C35: Supra X 125 Tr | D35: DPPKB | E35: Baik | F35: 14150000 | G35: Honda | H35: 2008 | I35: BH 5867 GZ | J35: MH1JB91169K928952 | K35: JB91E-1926078 | L35: G-1302484
A36: 21 | B36: Sepeda Motor | C36: Supra X 125 TR | D36: DPPKB | E36: Baik | F36: 14150000 | G36: Honda | H36: 2008 | I36: BH 5870 GZ | J36: MH1JB91189K929391 | K36: JB91E-1926199 | L36: G-1302483 | N36: Murtiningsih,SKM (Seksi Pengendalian dan Distribusi Alat Kontrasepsi)
A37: 22 | B37: Sepeda Motor | C37: Supra X 125 TR | D37: DPPKB | E37: Baik | F37: 14150000 | G37: Honda | H37: 2008 | I37: BH 5873 GZ | J37: MH1JB91169K928949 | K37: JB91E-1926012 | L37: G-1302485
A38: 23 | B38: Sepeda motor | C38: Smash Titan | D38: DPPKB | E38: Baik | F38: 13475000 | G38: Suzuki | H38: 2010 | I38: BH 5921 GZ | J38: MH8BE 4DUAAJ-127778 | N38: Dra. Surya Linda Syam (PKB Kec. Jambi Luar Kota)
A39: 24 | B39: Sepeda motor | C39: Smash Titan | D39: DPPKB | E39: Baik | F39: 13475000 | G39: Suzuki | H39: 2010 | I39: BH 5925 GZ | J39: MH8BE 4DUAAJ-125471 | K39: E470-ID-128367 | L39: H-04608690 | N39: Ropina, S.Ag (PKB Kec. Sungai Gelam)
A40: 25 | B40: Sepeda motor | C40: Smash Titan | D40: DPPKB | E40: Baik | F40: 13475000 | G40: Suzuki | H40: 2010 | I40: BH 5929 GZ | J40: MH8BE 4DUAAJ-112465 | K40: E470-ID-114085 | L40: H-04608795
A41: 26 | B41: Sepeda Motor | C41: Smash Titan | D41: DPPKB | E41: Baik | F41: 13475000 | G41: Suzuki | H41: 2010 | I41: BH 5919 GZ | J41: MH8BE 4DUAAJ-131460 | K41: E470-ID-135130 | L41: H-04608689 | N41: Riska Ermeli (Staff)
A42: 27 | B42: Sepeda Motor | C42: Smash Titan | D42: DPPKB | E42: Baik | F42: 13475000 | G42: Suzuki | H42: 2010 | I42: BH 5929 GZ | J42: MH8BE 4DUAAJ-112465 | L42: H-04608795
A43: 28 | B43: Sepeda Motor | C43: Smash Titan | D43: DPPKB | E43: Baik | F43: 13475000 | G43: Suzuki | H43: 2010 | I43: BH 5922 GZ | J43: MH8BE 4DUAAJ-128747 | K43: E470-ID-132420 | L43: H-04608738 | N43: Nia Kurniati (PKB Kec. Jambi Luar Kota)
A44: ia Kurniati | B44: Sepeda Motor | C44: Smash Titan | D44: DPPKB | E44: Baik | F44: 13475000 | G44: Suzuki | H44: 2010 | I44: BH 5923 GZ | J44: MH8BE 4DUAAJ-125444 | K44: E470ID-128655 | L44: H-04608768 | N44: Ririn Oktaria, SH (P3K Kec. Sekernan) | O44: rUSAK RINGAN
A45: 30 | B45: Sepeda motor | C45: Smash Titan | D45: DPPKB | E45: Baik | F45: 13475000 | G45: Suzuki | H45: 2010 | I45: BH 5924 GZ | J45: MH8BE 4DUAAJ-126030 | K45: E470-ID-129283 | L45: H-04608788 | N45: Cindy Clareza, Am. Keb (P3K Kec. Bahar Selatan)
A46: 31 | B46: Sepeda Motor | C46: Smash Titan | D46: DPPKB | E46: Baik | F46: 13475000 | G46: Suzuki | H46: 2010 | I46: BH 5926 GZ | J46: MH8BE 4DUAAJ-125466 | K46: E470-ID-128362 | L46: H-04608691
A47: 32 | B47: Sepeda Motor | C47: Smash Titan | D47: DPPKB | E47: Baik | F47: 13475000 | G47: Suzuki | H47: 2010 | I47: BH 5927 GZ | J47: MH8BE 4DUAAJ-125457 | K47: E470-ID-128340 | L47: H-04608692
A48: 33 | B48: Sepeda Motor | C48: Smash Titan | D48: DPPKB | E48: Baik | F48: 13475000 | G48: Suzuki | H48: 2010 | I48: BH 5928 GZ | J48: MH8BE 4DUAAJ-123359 | K48: E470-ID-126174 | L48: H-04608794 | N48: Selli Aulia Sapitri (Staf)
A49: 34 | B49: Sepeda motor | C49: Smash Titan | D49: DPPKB | E49: Baik | F49: 13475000 | G49: Suzuki | H49: 2010 | I49: BH 5930 GZ | J49: MH8BE 4DUAAJ-112443 | K49: E470-ID-114277 | L49: H-04608796
A50: 35 | B50: Sepeda motor | C50: Smash Titan | D50: DPPKB | E50: Baik | F50: 13475000 | G50: Suzuki | H50: 2010 | I50: BH 5931 GZ | J50: MH8BE 4DUAAJ-112441 | K50: E470-ID-114299 | L50: H-04608797
A51: 36 | B51: Sepeda Motor | C51: Smash Titan | D51: DPPKB | E51: Baik | F51: 13475000 | G51: Suzuki | H51: 2010 | I51: BH 5932 GZ | J51: MH8BE 4DUAAJ-111174 | K51: E470-ID-112905 | L51: H-04608798 | N51: M. Lukman Zainuri (PKB Kec. Sungai Gelam)
A52: 37 | B52: Sepeda motor | C52: Smash Titan | D52: DPPKB | E52: Baik | F52: 13475000 | G52: Suzuki | H52: 2010 | I52: BH 5933 GZ | J52: MH8BE 4DUAAJ-141714 | K52: E470-ID-146661 | L52: H-04608799 | N52: Derfandi (P3K Kec. Kumpeh)
A53: 38 | B53: Sepeda Motor | C53: Smash Titan | D53: DPPKB | E53: Baik | F53: 13475000 | G53: Suzuki | H53: 2010 | I53: BH 5934 GZ | J53: MH8BE 4DUAAJ-128016 | K53: E470-ID-131255 | L53: H-04608800 | N53: Anisah Ulfah (P3K Kec. Jambi Luar Kota)
A54: 39 | B54: Sepeda Motor | C54: Smash Titan | D54: DPPKB | E54: Baik | F54: 13475000 | G54: Suzuki | H54: 2010 | I54: BH 5935 GZ | J54: MH8BE 4DUAAJ-127987 | K54: E470-ID-131080 | L54: H-04608752 | N54: Rini Suprapti, SE (PKB Kec. Mestong)
A55: 40 | B55: Sepeda Motor | C55: Smash Titan | D55: DPPKB | E55: Baik | F55: 13475000 | G55: Suzuki | H55: 2010 | I55: BH 5936 GZ | J55: MH8BE 4DUAAJ-128843 | L55: H-04608753 | N55: Nurbadi'ah, SH (PKB Kec. Jambi Luar Kota)
A56: 41 | B56: Sepeda Motor | C56: Smash Titan | D56: DPPKB | E56: Baik | F56: 13475000 | G56: Suzuki | H56: 2010 | I56: BH 5938 GZ | J56: MH8BE 4DUAAJ-134222 | K56: E470-ID-138186 | L56: H-04608755 | N56: Rillo nugraha SE (P3K Kec. Kumpeh Ulu)
A57: 42 | B57: Sepeda Motor | C57: Smash Titan | D57: DPPKB | E57: Baik | F57: 13475000 | G57: Suzuki | H57: 2010 | I57: BH 5939 GZ | J57: MH8BE 4DUAAJ-128845 | K57: E470-ID-132660 | L57: H-04608756 | N57: Salmah (P3K Kec. Maro Sebo)
A58: 43 | B58: Sepeda Motor | C58: Smash Titan | D58: DPPKB | E58: Baik | F58: 13475000 | G58: Suzuki | H58: 2010 | I58: BH 5940 GZ | J58: MH8BE 4DUAAJ-135866 | K58: E470-ID-139924 | L58: H-04608693 | N58: Waliyanti (Staff)
A59: 44 | B59: Sepeda Motor | C59: Smash Titan | D59: DPPKB | E59: Baik | F59: 13475000 | G59: Suzuki | H59: 2010 | I59: BH 5942 GZ | J59: MH8BE 4DUAAJ-125445 | K59: E470-ID-128343 | L59: H-04608801 | N59: Meri Frafina (Staff)
A60: 45 | B60: Sepeda Motor | C60: Smash Titan | D60: DPPKB | E60: Baik | F60: 13475000 | G60: Suzuki | H60: 2010 | I60: BH 5943 GZ | J60: MH8BE 4DUAAJ-135876 | K60: E470-ID-140060 | L60: H-0 4608802
A61: 46 | B61: Sepeda Motor | C61: Smash Titan | D61: DPPKB | E61: RB | F61: 13475000 | G61: Suzuki | H61: 2010 | I61: BH 5944 GZ | J61: MH8BE 4DUAAJ-134941 | K61: E470-ID-138802 | L61: H-04608803 | M61: Usulan Lelang Tahun 2026
A62: 47 | B62: Sepeda Motor | C62: Smash Titan | D62: DPPKB | E62: Baik | F62: 13475000 | G62: Suzuki | H62: 2010 | I62: BH 5946 GZ | J62: MH8BE 4DUAAJ-126421 | K62: E470-ID-129546 | L62: H-04608805
A63: 48 | B63: Sepeda Motor | C63: Smash Titan | D63: DPPKB | E63: Baik | F63: 13475000 | G63: Suzuki | H63: 2010 | I63: BH 5947 GZ | J63: MH8BE 4DUAAJ-126409 | K63: E470-ID-129947 | L63: H-04608806
A64: 49 | B64: Sepeda Motor | C64: Smash Titan | D64: DPPKB | E64: Baik | F64: 13475000 | G64: Suzuki | H64: 2010 | I64: BH 5948 GZ | J64: MH8BE 4DUAAJ-125864 | K64: E470-ID-129046 | L64: H-04608727 | N64: Dra Supartiningsih (PKB Kec. Maro Sebo)
A65: 50 | B65: Sepeda Motor | C65: Smash Titan | D65: DPPKB | E65: RB | F65: 13475000 | G65: Suzuki | H65: 2010 | I65: BH 5949 GZ | J65: MH8BE 4DUAAJ-125855 | K65: E470-ID-128939 | L65: H-04608726 | M65: Usulan Lelang Tahun 2026
A66: 51 | B66: Sepeda Motor | C66: Smash Titan | D66: DPPKB | E66: Baik | F66: 13475000 | G66: Suzuki | H66: 2010 | I66: BH 5950 GZ | J66: MH8BE 4DUAAJ-141712 | K66: E470-ID-146636 | L66: H-04608725
A67: 52 | B67: Sepeda Motor | C67: Smash Titan | D67: DPPKB | E67: Baik | F67: 13475000 | G67: Suzuki | H67: 2010 | I67: BH 5951 GZ | J67: MH8BE 4DUAAJ-141710 | K67: E470-ID-146647 | L67: H-04608724 | N67: Nurhayati, SE (PKB Kec. Maro Sebo)
A68: 53 | B68: Sepeda Motor | C68: Smash Titan | D68: DPPKB | E68: Baik | F68: 13475000 | G68: Suzuki | H68: 2010 | I68: BH 5952 GZ | J68: MH8BE 4DUAAJ-141726 | K68: E470-ID-145930 | L68: H-04608723
A69: 54 | B69: Sepeda Motor | C69: Smash Titan | D69: DPPKB | E69: Baik | F69: 13475000 | G69: Suzuki | H69: 2010 | I69: BH 5954 GZ | J69: MH8BE 4DUAAJ-134927 | K69: E470-ID-139133 | L69: H-04608721 | N69: Endang Lestari (P3K Kec. Sungai Bahar)
A70: 55 | B70: Sepeda Motor | C70: Smash Titan | D70: DPPKB | E70: Baik | F70: 13475000 | G70: Suzuki | H70: 2010 | I70: BH 5955 GZ | J70: MH8BE 4DUAAJ-127925 | K70: E470-ID-131034 | L70: H-04608720 | N70: Hanifa Ninda Rahayu (P3K Kec. Bahar Utara)
A71: 56 | B71: Sepeda Motor | C71: Smash Titan | D71: DPPKB | E71: Baik | F71: 13475000 | G71: Suzuki | H71: 2010 | I71: BH 5956 GZ | J71: MH8BE 4DUAAJ-131442 | K71: E470-ID-135312 | L71: H-04608719 | N71: Diana (PKB Kec. Sungai Gelam)
A72: 57 | B72: Sepeda Motro | C72: Smash Titan | D72: DPPKB | E72: Baik | F72: 13475000 | G72: Suzuki | H72: 2010 | I72: BH 5958 GZ | J72: MH8BE 4DUAAJ-128789 | K72: E470-ID-132059 | L72: H-04608717
A73: 58 | B73: Sepeda Motor | C73: Smash Titan | D73: DPPKB | E73: Baik | F73: 13475000 | G73: Suzuki | H73: 2010 | I73: BH 5960 GZ | J73: MH8BE 4DUAAJ-127835 | K73: E470-ID-131372 | L73: H-04608716 | N73: Evi Oktaria (PKB Kec. Taman Rajo)
A74: 59 | B74: Sepeda motor | C74: Smash Titan | D74: DPPKB | E74: RB | F74: 13475000 | G74: Suzuki | H74: 2010 | I74: BH 5961 GZ | J74: MH8BE 4DUAAJ-143253 | K74: E470-ID-148217 | L74: H-04608715 | M74: Usulan Lelang Tahun 2026 | N74: Dwika Fitria Riza (Staff)
A75: 60 | B75: Sepeda Motor | C75: Smash Titan | D75: DPPKB | E75: Baik | F75: 13475000 | G75: Suzuki | H75: 2010 | I75: BH 5963 GZ | J75: MH8BE 4DUAAJ-127942 | K75: E470-ID-130914 | L75: H-04608708 | N75: Jumiati, SE (Staff)
A76: 61 | B76: Sepeda Motor | C76: Smash Titan | D76: DPPKB | E76: Baik | F76: 13475000 | G76: Suzuki | H76: 2010 | I76: BH 5945 GZ | J76: MH8BE 4DUAAJ-126433 | K76: E470-ID-130021 | L76: H-04608804 | N76: Tuginem (PKB Kec. Kumpeh Ulu)
A77: 62 | B77: Sepeda Motor | C77: Smash Titan | D77: DPPKB | E77: Baik | F77: 13475000 | G77: Suzuki | H77: 2010 | I77: BH 5962 GZ | J77: MH8BE 4DUAAJ-131402 | K77: E470-ID-135276 | L77: H-04608714 | N77: Sherly Esa Putri (P3K Kec. Sekernan) | O77: Rusak Ringan
A78: 63 | B78: Sepeda Motor | C78: Smash Titan | D78: DPPKB | E78: Baik | F78: 13475000 | G78: Suzuki | H78: 2010 | I78: BH 5953 GZ | J78: MH8BE 4DUAAJ-136426 | K78: E470-ID-140978 | L78: H-04608722 | N78: Hasanawati (PKB Kec. Maro Sebo)
A79: 64 | B79: Sepeda Motor | C79: Smash Titan | D79: DPPKB | E79: Baik | F79: 13475000 | G79: Suzuki | H79: 2010 | I79: BH 5957 GZ | J79: MH8BE 4DUAAJ-131441 | K79: E470-ID-135313 | L79: H-04608718 | N79: Gustinah Ningsih (P3K Kec. Jambi Luar Kota)
A80: 65 | B80: Sepeda Motor | C80: Smash Titan | D80: DPPKB | E80: Baik | F80: 13475000 | G80: Suzuki | H80: 2010 | I80: BH 5941 GZ | J80: MH8BE 4DUAAJ-134944 | K80: E470-ID-138788 | L80: H-04608758 | N80: Charlia Ramadhani, SH (PKB Kec. Kumpeh Ulu)
A81: 66 | B81: Sepeda Motor | C81: Smash Titan | D81: DPPKB | E81: Baik | F81: 13475000 | G81: Suzuki | H81: 2010 | I81: BH 5937 GZ | J81: MH8BE 4DUAAJ-134848 | K81: E470-ID-139001 | L81: H-04608754 | N81: Yesteti, S.Kom (PKB Kec. Kumpeh Ulu)
A82: 67 | B82: Sepeda Motor | C82: Smash Titan | D82: DPPKB | E82: Baik | F82: 15500000 | G82: Suzuki | H82: 2011 | I82: BH 6049 GZ | J82: MH1JBF11XBK032142 | K82: JBF1E-1031295 | L82: I-05390920
A83: 68 | B83: Sepeda Motor | C83: Smash Titan | D83: DPPKB | E83: Baik | F83: 15500000 | G83: Suzuki | H83: 2011 | I83: BH 6050 GZ | J83: MH1JBF119BK032147 | K83: JBF1E-1031324 | L83: I-05390921 | N83: Ria Octaviani, Amd (P3K Kec. Bahar Selatan)
A84: 69 | B84: Sepeda Motor | C84: Smash Titan | D84: DPPKB | E84: Baik | F84: 15500000 | G84: Suzuki | H84: 2011 | I84: BH 6051 GZ | J84: MH1JBF117BK032048 | K84: JBF1E-1031325 | L84: I-05390922
A85: 70 | B85: Sepeda Motor | C85: Smash Titan | D85: DPPKB | E85: Baik | F85: 15500000 | G85: Suzuki | H85: 2011 | I85: BH 6052 GZ | J85: MH1JBF115BK032047 | K85: JBF1E-1031293 | L85: I-05390923
A86: 71 | B86: Sepeda Motor | C86: Smash Titan | D86: DPPKB | E86: Baik | F86: 15500000 | G86: Suzuki | H86: 2011 | I86: BH 6053 GZ | J86: MH1JBF119BK031905 | K86: JBF1E-1031090 | L86: I-05390924
A87: 72 | B87: Sepeda Motor | C87: Smash Titan | D87: DPPKB | E87: Baik | F87: 22621000 | G87: Suzuki | H87: 2015 | I87: BH 6591 GZ | J87: MH345P005FK300784 | K87: 45P-310751 | L87: L-03985871 | N87: Suryandi, SE (PKB Kec. Mestong)
A88: 73 | B88: Sepeda Motor | C88: Smash Titan | D88: DPPKB | E88: Baik | F88: 22621000 | G88: Suzuki | H88: 2015 | I88: BH 6595 GZ | J88: MH345P005FK298119 | K88: 45P-308076 | L88: L-03985878 | N88: Siti Aminah, SKM (P3K Kec. Bahar Selatan)
A89: 74 | B89: Sepeda Motor | C89: Smash Titan | D89: DPPKB | E89: Baik | F89: 22621000 | G89: Suzuki | H89: 2015 | I89: BH 6596 GZ | J89: MH345P005FK300764 | K89: 45P-310776 | L89: L-03985876
A90: 75 | B90: Sepeda Motor | C90: Smash Titan | D90: DPPKB | E90: Baik | F90: 22621000 | G90: Suzuki | H90: 2015 | I90: BH 6589 GZ | J90: MH345P005FK301941 | K90: 45P-311978 | L90: L-03985873 | N90: Abdul Khafid (Staff)
A91: 76 | B91: Sepeda Motor | C91: Smash Titan | D91: DPPKB | E91: Baik | F91: 22621000 | G91: Suzuki | H91: 2015 | I91: BH 6587 GZ | J91: MH345P005FK301855 | K91: 45P-311869 | L91: L-03985875
A92: 77 | B92: Sepeda Motor | C92: Smash Titan | D92: DPPKB | E92: Baik | F92: 22621000 | G92: Suzuki | H92: 2015 | I92: BH 6590 GZ | J92: MH345P005FK301951 | K92: 45P-311995 | L92: L-03985869 | N92: Sargani, S.Sos (Bendahara Pengeluaran)
A93: 78 | B93: Sepeda Motor | C93: Smash Titan | D93: DPPKB | E93: Baik | F93: 22621000 | G93: Suzuki | H93: 2015 | I93: BH 6588 GZ | J93: MH345P005FK301949 | K93: 45P-311997 | L93: L-03985874 | N93: Cholimatus sakdiyah (PKB Kec. Sungai Bahar)
A94: 79 | B94: Sepeda Motor | C94: Smash Titan | D94: DPPKB | E94: Baik | F94: 22621000 | G94: Suzuki | H94: 2015 | I94: BH 6623 GZ | J94: MH345P005FK300768 | K94: 45P-310767 | L94: L-06232088 | N94: Solikin,SE (PKB Kec. Kumpeh)
A95: 80 | B95: Sepeda Motor | C95: Smash Titan | D95: DPPKB | E95: Baik | F95: 22621000 | G95: Suzuki | H95: 2015 | I95: BH 6592 GZ | J95: MH345P005FK301945 | L95: L-03985870 | N95: Drs. Armen (PKB Kec. Kumpeh)
A96: 81 | B96: Sepeda Motor | C96: Smash Titan | D96: DPPKB | E96: Baik | F96: 22621000 | G96: Suzuki | H96: 2015 | I96: BH 6627 GZ | J96: MH345P005FK301910 | K96: 45P-311942 | L96: L-06232092 | N96: Nurdin Syahril (P3K Kec. Sekernan) | O96: BAIK
A97: 82 | B97: Sepeda Motor | C97: Smash Titan | D97: DPPKB | E97: Baik | F97: 22621000 | G97: Suzuki | H97: 2015 | I97: BH 6594 GZ | J97: MH345P005FK301940 | K97: 45P-311972 | L97: L-03985879 | N97: Tiara Dinda (PKB Kec. Sungai Bahar)
A98: 83 | B98: Sepeda Motor | C98: Smash Titan | D98: DPPKB | E98: Baik | F98: 22621000 | G98: Suzuki | H98: 2015 | I98: BH 6593 GZ | J98: MH345P005FK301960 | K98: 45P-312034 | L98: L-03985872
A99: 84 | B99: Sepeda Motor | C99: Smash Titan | D99: DPPKB | E99: Baik | F99: 18260000 | G99: Suzuki | H99: 2018 | I99: BH 2084 G | J99: MH3UE1120JJ177073 | K99: E3R5E-0186689 | L99: N-01269702 | O99: BAIK | P99: MOTOR YAMAHA JUPITER Z1
A100: 85 | B100: Sepeda Motor | C100: Smash Titan | D100: DPPKB | E100: Baik | F100: 18260000 | G100: Suzuki | H100: 2018 | I100: BH 2085 GZ | J100: MH3UE1120JJ187662 | K100: E3R5E-0198179 | L100: N-07482112
A101: 86 | B101: Sepeda Motor | C101: Smash Titan | D101: DPPKB | E101: Baik | F101: 29013000 | G101: Suzuki | H101: 2022 | I101: BH 2347 G | J101: MH3SG6410NJ194578 G3P2E-0250154 | N101: Ernawati,SE (PKB Kec. Mestong)
A102: 87 | B102: Sepeda Motor | C102: Smash Titan | D102: DPPKB | E102: Baik | F102: 29013000 | G102: Suzuki | H102: 2022 | I102: BH 2344 G | J102: MH3SG6410NJ194595, G3P2E-0250171 | N102: Ernawati, Amd (PPKB Kec. Jambi Luar Kota)
A103: 88 | B103: Sepeda Motor | C103: Smash Titan | D103: DPPKB | E103: Baik | F103: 29013000 | G103: Suzuki | H103: 2022 | I103: BH 2357 G | J103: MH3SG6410NJ194579, G3P2E-0250135 | N103: Susi Marlina (PKB Kec. Taman Rajo)
A104: 89 | B104: Sepeda Motor | C104: Smash Titan | D104: DPPKB | E104: Baik | F104: 29013000 | G104: Suzuki | H104: 2022 | I104: BH 2348 G | J104: MH3SG6410NJ194575, G3P2E-0250136 | N104: Mujiati (PPKB Kec. Mestong)
...

Sheet 15. Dishub
A3: KARTU INVENTARIS BARANG ( KIB )
A4: B. PERALATAN MESIN ( KENDARAAN RODA 4 ( EMPAT ) DAN 2 ( DUA )
A7: PEMERINTAH PROVINSI | C7: : JAMBI
A8: KABUPATEN / KOTA | C8: : MUARO JAMBI
A9: UNIT ORGANISASI | C9: : DINAS PERHUBUNGAN
A10: no | B10: spesifikasi | C10: spesifikasi_lainnya | D10: unit_kerja | E10: kondisi | F10: harga | G10: merk | H10: tahun | I10: no_polisi | J10: no_rangka | K10: no mesin | L10: no_bpkb | M10: keterangan | N10: Pengguna
B11: KENDARAAN DINAS BERMOTOR PERORANGAN | F11: 110000000
A12: 1 | B12: Multi Purpose Vehicle (MPV) | C12: Minibus | D12: Dinas Perhubungan | E12: Baik | F12: 110000000 | G12: Toyota KF80 | H12: 2004 | I12: BH 1228 G EX BH 370 G | J12: MHF11KF8040091869 | K12: 7K-0726328 | L12: D-0123609 | M12: BH 37 GZ/BH 370 GZ/BH 1228 G | N12: Pajar Ilham Adhandi R (Teknisi LPJU)
B13: KENDARAAN BERMOTOR PENUMPANG | F13: 434000000
A14: 2 | B14: Mini Bus ( Penumpang 14 Orang Kebawah ) | C14: Minibus | D14: Dinas Perhubungan | E14: Baik | F14: 105000000 | G14: Toyota Kijang KF 80 | H14: 2003 | I14: BH 1320 GEX BH 363 GZ | J14: MHFKF8030078769 | K14: 7K-0586221 | L14: C-5139031 | N14: ZULKARNAIN, SE (Kabid Sarana dan Prasarana)
A15: 3 | B15: Mini Bus ( Penumpang 14 Orang Kebawah ) | C15: Minibus | D15: Dinas Perhubungan | E15: Baik | F15: 149000000 | G15: Toyota Avanza G 1300 Manual | H15: 2012 | I15: BH 1242 G EX BH 360 GZ | J15: MHKM1BA3JCK057276 | K15: DK94869 | L15: I-11003630 | N15: MISHUR, SH (Sekretaris)
A16: 4 | B16: Mini Bus ( Penumpang 14 Orang Kebawah ) | C16: Minibus | D16: Dinas Perhubungan | E16: Baik | F16: 180000000 | G16: Toyota Avanza G 1300 Manual | H16: 2014 | I16: BH 1321 G EX BH 1220 GZ | J16: MHKM1BA3JEJ089121 | K16: ME56558 | L16: K06100192F | M16: BH 36 GZ/BH 1321 G | N16: Muhammad Zuharman, SE, MM (Kepala Dinas)
B17: KENDARAAN BERMOTOR ANGKUTAN BARANG | F17: 909749555
A18: 5 | B18: Pick Up | C18: Pick Up | D18: Dinas Perhubungan | E18: Baik | F18: 100000000 | G18: Isuzu TBR54 | H18: 2002 | I18: BH 8122 G EX BH 9305 GZ | J18: MHCTBR54B2K103804 | K18: E 103804 | L18: C-1667703 | M18: BH 9305 GZ/ BH 8122 G | N18: Iwan Syahferi (Staf UPTD PKB)
A19: 6 | B19: Pick Up | C19: Pick Up | D19: Dinas Perhubungan | E19: Baik | F19: 70000000 | G19: Toyota KF60 | H19: 2003 | I19: BH 8117 G EX BH 9307 GZ | J19: MHF31KF6030021886 | K19: 7K-0586356 | L19: C-5139001 | M19: BH 9307 GZ/BH 8117 | N19: Iswadianto (Teknisi LPJU)
A20: 7 | B20: Pick Up | C20: Minibus Double Cabin + Serine | D20: Dinas Perhubungan | E20: Baik | F20: 286000000 | G20: Mitsubishi Strada Triton L200 | H20: 2007 | I20: BH 8124 G EX BH 333 GZ | J20: MMBJNK7406F038740 | K20: 4D56CK4458 | L20: E-9775844 | M20: Mutasi Dari Dinas Pendapatan Daerah | N20: Surhayanto, S.HI (Kabid Lalu Lintas)
A21: 8 | B21: Pick Up | C21: Hilux | D21: Dinas Perhubungan | E21: Baik | F21: 453749555 | G21: Toyota | H21: 2022 | I21: BH 8020 G | J21: MR0KB8CD1N1132753 | K21: 2GD1187942 | L21: S01521606F | M21: BH 8020 G | N21: Raden Rusdan (Staf Operasional Lalu Lintas)
B22: KENDARAAN BERMOTOR BERODA DUA | F22: 593721200
A23: 1 | B23: Sepeda Motor | C23: Sepeda Motor | D23: Dinas Perhubungan | E23: Baik | F23: 5500000 | G23: Honda Win | H23: 2002 | I23: BH 2423 G | J23: MHIHABB172K028056 | K23: HABBE-1027904 | L23: C-2190610 | N23: Agus Saputra (Staf Subbag Umum dan Keuangan)
A24: 2 | B24: Sepeda Motor | C24: Sepeda Motor | D24: Dinas Perhubungan | E24: Baik | F24: 15000000 | G24: Honda Tiger 2000 | H24: 2002 | I24: BH 2414 G | J24: MHI5ABJ133KOO4376 | K24: SABJ-1003323 | L24: C-4563312 | N24: HENDRA GUNAWAN, SE (Staf Manajemen dan Reka Lalu Lintas)
A25: 3 | B25: Sepeda Motor | C25: Sepeda Motor | D25: Dinas Perhubungan | E25: Baik | F25: 15000000 | G25: Honda Tiger 2000 | H25: 2003 | I25: BH 2417 G EX BH 5124 GZ | J25: MHISABJ113K004389 | K25: SABJE-1003498 | L25: C 4563313F | N25: DARMANTO (Staf Operasional Lalu Lintas)
A26: 4 | B26: Sepeda Motor | C26: Sepeda Motor | D26: Dinas Perhubungan | E26: Baik | F26: 9000000 | G26: Honda Supra X | H26: 2004 | I26: BH 2413 G | J26: MHIKEVA164K786454 | K26: KEVAE-1784572 | L26: D-1608695 | N26: Ade Candra Firdaus (Staf Subbag Umum dan Keuangan)
A27: 5 | B27: Sepeda Motor | C27: Sepeda Motor | D27: Dinas Perhubungan | E27: Baik | F27: 28872810 | G27: Honda New Tiger | H27: 2009 | I27: BH 2412 G | J27: MH1MC22139K017851 | K27: MC22E-1017791 | L27: F-8236108 | N27: Mohamad Ali (Staf Operasional Lalu Lintas)
A28: 6 | B28: Sepeda Motor | C28: Sepeda Motor | D28: Dinas Perhubungan | E28: Baik | F28: 28872810 | G28: Honda New Tiger | H28: 2009 | I28: BH 2418 G EX BH 5825 GZ | J28: MH1MC22179K022230 | K28: MC22E-1022184 | L28: F-8236109 | N28: Mario Wahyu Maulana (Staf Penguji UPTD PKB)
A29: 7 | B29: Sepeda Motor | C29: Sepeda Motor | D29: Dinas Perhubungan | E29: Baik | F29: 12825000 | G29: Honda Revo | H29: 2009 | I29: BH 2411 G | J29: MH1JBC2109K131463 | K29: JBC2E-1133573 | L29: G-0684027 | N29: ISMARIZON (Staf Angkutan Sungai)
A30: 8 | B30: Sepeda Motor | C30: Sepeda Motor | D30: Dinas Perhubungan | E30: Baik | F30: 12825000 | G30: Honda Revo | H30: 2009 | I30: BH 2415 G EX BH 5861 GZ | J30: MH1JBC2199K123457 | K30: JBC2E 1127449 | L30: G-0682041 | N30: Denci Astuti (Staf Subbag Umum dan Keuangan)
A31: 9 | B31: Sepeda Motor | C31: Sepeda Motor | D31: Dinas Perhubungan | E31: Baik | F31: 12225000 | G31: Honda Revo | H31: 2010 | I31: BH 5891 GZ | J31: MH1JBC21XAK475676 | K31: JBC2E1463840 | L31: H-03406733F | M31: BH 5891 GZ | N31: Samsul Bahari (Staf UPTD PKB)
A32: 10 | B32: Sepeda Motor | C32: Sepeda Motor | D32: Dinas Perhubungan | E32: Baik | F32: 12225000 | G32: Honda Revo | H32: 2010 | I32: BH 2477 G | J32: MH1JBC215AK484351 | K32: JBC2E-1472920 | L32: H-03406736 | M32: BH 5888 GZ | N32: SUPERMADI (Staf Subbag Perencanaan dan Kepegawaian)
A33: 11 | B33: Sepeda Motor | C33: Sepeda Motor | D33: Dinas Perhubungan | E33: Baik | F33: 12225000 | G33: Honda Revo | H33: 2010 | I33: BH 2416 G | J33: MH1JBC216AK485086 | K33: JBC2E-1472776 | L33: H-0 3406735 | M33: BH 5889 GZ | N33: SABKI, SE (Staf Subbag Umum dan Keuangan)
A34: 12 | B34: Sepeda Motor | C34: Sepeda Motor | D34: Dinas Perhubungan | E34: Baik | F34: 13025000 | G34: Honda New Blade Repsol | H34: 2011 | I34: BH 2420 G | J34: MH1JBH113DK074129 | K34: IBH1E1073312 | L34: I-05374304 | M34: BH 6032 GZ | N34: Fahmi, SE (Kasubbag Umum dan Keuangan)
A35: 13 | B35: Sepeda Motor | C35: Sepeda Motor | D35: Dinas Perhubungan | E35: Baik | F35: 16627700 | G35: New Mega Pro | H35: 2012 | I35: BH 2419 G | J35: MH1KC2110CK059880 | K35: KC21E-1059669 | L35: I-10035217 | M35: BH 6090 GZ | N35: SUHAIMI (Staf Subbag Umum dan Keuangan)
A36: 14 | B36: Sepeda Motor | C36: Sepeda Motor | D36: Dinas Perhubungan | E36: Baik | F36: 13475000 | G36: Honda New Revo | H36: 2015 | I36: BH 4113 G EX BH 6549 GZ | J36: MH1JBK314FK085771 | K36: JBK3E-1085363 | L36: L-03947858 | M36: Pengembalian Rp. 375.000,- | N36: Ade Candra Firdaus (Staf Subbag Umum dan Keuangan)
A37: 15 | B37: Sepeda Motor | C37: Sepeda Motor | D37: Dinas Perhubungan | E37: Baik | F37: 19900000 | G37: Honda Vario | H37: 2018 | I37: BH 2086 G | J37: MH1JFY11JK115633 | K37: JFY1E-1114310 | L37: N-07482932 | N37: Juliansyah Harahap (Staf Operasional Lalin)
A38: 16 | B38: Sepeda Motor | C38: Sepeda Motor | D38: Dinas Perhubungan | E38: Baik | F38: 30300000 | G38: Honda PCX, Warna Putih | H38: 2019 | I38: BH 2197 G | J38: MH1KF2218KK139481 | K38: KF22E1139104 | L38: P-06427402 | N38: RUDI HARTONO, SE (Kasi Manajemen dan Rekayasa Lalin)
A39: 17 | B39: Sepeda Motor | C39: Sepeda Motor | D39: Dinas Perhubungan | E39: Baik | F39: 30300000 | G39: Honda PCX, Warna Putih | H39: 2019 | I39: BH 2198 G | J39: MH1KF2210KK139488 | K39: KF22E1139095 | L39: P-06427403 | N39: SYAIFUL ANWAR, SE (Fungsional Kebijakan)
A40: 18 | B40: Sepeda Motor | C40: Sepeda Motor | D40: Dinas Perhubungan | E40: Baik | F40: 32500000 | G40: Honda CRF, warna hitam | H40: 2019 | I40: BH 3005 G | J40: MH1KD1118KK102657 | K40: KD11E1101945 | L40: P-06427408 | N40: WARDANA FERDIANSYAH, SH (Kasi Angkutan Barang)
A41: 19 | B41: Sepeda Motor | C41: Sepeda Motor | D41: Dinas Perhubungan | E41: Baik | F41: 17500000 | G41: Honda Scoopy , Warna Putih | H41: 2019 | I41: BH 3004 G | J41: MH1JM3130KK102130 | K41: JM31E3096438 | L41: P-06427407 | N41: SAHARUDIN, S.KOM, MH (Fungsional Kebijakan)
A42: 20 | B42: Sepeda Motor | C42: Sepeda Motor | D42: Dinas Perhubungan | E42: Baik | F42: 30300000 | G42: Honda PCX, Warna Putih | H42: 2019 | I42: BH 3002 G | J42: MH1KF2215KK139485 | K42: KF22E1139091 | L42: P-06427406 | N42: MARTONIS TAME (Staf Operasional Lalin)
A43: 21 | B43: Sepeda Motor | C43: Sepeda Motor | D43: Dinas Perhubungan | E43: Baik | F43: 30300000 | G43: Honda PCX, Warna Putih | H43: 2019 | I43: BH 3001 G | J43: MH1KF2210139491 | K43: KF22E1139096 | L43: P-06427405 | N43: Budi Ustami, SE (Staf Operasional Lalin)
A44: 22 | B44: Sepeda Motor | C44: Sepeda Motor | D44: Dinas Perhubungan | E44: Baik | F44: 30300000 | G44: Honda PCX, Warna Putih | H44: 2019 | I44: BH 3006 G | J44: MH1KF2215KK139194 | K44: KF22E1138930 | L44: P-06427409 | N44: SABKI (Staf Operasional Lalin)
A45: 23 | B45: Sepeda Motor | C45: Sepeda Motor | D45: Dinas Perhubungan | E45: Baik | F45: 30300000 | G45: Honda PCX, Warna Putih | H45: 2019 | I45: BH 2199 G | J45: MH1KF2212KK139492 | K45: KF22E1139116 | L45: P-06427404 | N45: GATOT DIDIK SISWANTO (Staf Operasional Lalin)
A46: 24 | B46: Kendaraan Roda Dua | C46: All New Nmax Neo S Version BH 2941 G | D46: Dinas Perhubungan | E46: Baik | F46: 33580720 | G46: All New Nmax Neo S Version | H46: 2025 | I46: BH 2941 G | J46: MH3SG9310SK148409 | K46: G3V5E-0430885 | L46: V06991528 | N46: Erman (Staf Subbag Umum dan Keuangan)
A47: 25 | B47: Kendaraan Roda Dua | C47: All New Nmax Neo S Version BH 2940 G | D47: Dinas Perhubungan | E47: Baik | F47: 33580720 | G47: All New Nmax Neo S Version | H47: 2025 | I47: BH 2940 G | J47: MH3SG9310SK149582 | K47: G3V5E-0435884 | L47: V06991527 | N47: Sofyan Syah (Staf Subbag Umum dan Keuangan)
A48: 26 | B48: Kendaraan Roda Dua | C48: All New Nmax Neo S Version BH 2938 G | D48: Dinas Perhubungan | E48: Baik | F48: 33580720 | G48: All New Nmax Neo S Version | H48: 2025 | I48: BH 2938 G | J48: MH3SG9310SK146828 | K48: G3V5E-0427758 | L48: V06991525 | N48: Kemas Dolly Elfilza, SH (KaSubbag Perencanaan dan Kepegawaian)
A49: 27 | B49: Kendaraan Roda Dua | C49: All New Nmax Neo S Version BH 2939 G | D49: Dinas Perhubungan | E49: Baik | F49: 33580720 | G49: All New Nmax Neo S Version | H49: 2025 | I49: BH 2939 G | J49: MH3SG9310SK152283 | K49: G3V5E-0442878 | L49: V06991526 | N49: Mat Nahari, SE (Kasi Angkutan Sungai)
B50: KENDARAAN BERMOTOR KHUSUS | F50: 943240000
A51: 1 | B51: Mobil Unit Penerangan Darat | C51: Mobil Unit Penerangan Darat | D51: Dinas Perhubungan | E51: Baik | F51: 207340000 | G51: Suzuki APV SGX 2017, warning light LED) | H51: 2018 | I51: BH 1023 G | J51: MHYGDN42VHJ413299 | K51: G15AID-408639 | L51: M11828871 | M51: Mutasi dari Perkim | N51: Syafril (Teknisi LPJU)
A52: 2 | B52: Mobil Unit Penerangan Darat | C52: Mobil Unit Penerangan Darat | D52: Dinas Perhubungan | E52: Baik | F52: 735900000 | G52: Truck Hino Dutro 130 HD | H52: 2019 | I52: BH 8009 G | J52: MJEC1JG43K5185002 | K52: W04DTRR74722 | L52: P-06410645 | M52: Mutasi dari Perkim | N52: Mulyono (Teknisi LPJU)

Sheet 16.DISKOMINFO
A2: KARTU INVENTARIS BARANG ( KIB )
A3: B. PERALATAN MESIN ( KENDARAAN RODA 4 ( EMPAT ) DAN 2 ( DUA )
A6: PEMERINTAH PROVINSI | C6: : JAMBI
A7: KABUPATEN / KOTA | C7: : MUARO JAMBI
A8: UNIT ORGANISASI | C8: : DINAS KOMUNIKASI DAN INFORMATIKA
A9: no | B9: spesifikasi | C9: spesifikasi_lainnya | D9: unit_kerja | E9: kondisi | F9: harga | G9: merk | H9: tahun | I9: no_polisi | J9: no_rangka | K9: no_mesin | L9: no_bpkb | M9: keterangan | N9: Pengguna | O9: Jabatan Pengguna
B10: KENDARAAN BERMOTOR PENUMPANG | F10: 1285610600
A11: 1 | B11: Minibus | C11: Innova G | D11: Diskominfo | E11: Baik | F11: 232947000 | G11: Toyota | H11: 2010 | I11: BH 1142 G | J11: MHFXW42G0A2160369 | K11: 1TR-6921747 | L11: H01976587F | M11: Kendaraan Roda 4 | N11: Damankhuri | O11: Sekretaris
A12: 2 | B12: Minibus | C12: Terios | D12: Diskominfo | E12: Baik | F12: 162000000 | G12: Daihatsu | H12: 2012 | I12: BH 1204 G | J12: MHKG2CJ1JCK018982 | K12: DDB1968 | L12: K00103224F | M12: Kendaraan Roda 4 | N12: Saddia Nazal, MA | O12: Kabid Persandian dan Statistik
A13: 3 | B13: Minibus | C13: New Rush 1.5 S M/T TRD VIN 2019 | D13: Diskominfo | E13: Baik | F13: 276980000 | G13: Toyota | H13: 2019 | I13: BH 1057 G | J13: MHKE8FA3JKJ002117 | K13: 2NRF918572 | L13: P06385536F | M13: Kendaraan Roda 4 | N13: Faisa Harahap, SE, | O13: Kepala Dinas
A14: 4 | B14: Pick Up Single Cabin | C14: Fontier Navara MT | D14: Diskominfo | E14: Baik | F14: 323333800 | G14: Nissan | H14: 2009 | I14: BH 8116 G (ex BH 9332 GZ) | J14: MNTVCUD40ZO022919 | K14: YD25-213685T | L14: H-02365367 | M14: Kendaraan Roda 4 | N14: Frans Almarta | O14: Kabid Penyelenggaran E-Government
A15: 5 | B15: Pick Up | C15: D-MAXDC-3 4X4 M/T | D15: Diskominfo | E15: Baik | F15: 290349800 | G15: Isuzu | H15: 2012 | I15: BH 8129 G (ex BH 531 GZ) | J15: MPATFS85HCT104340 | K15: JS8484 | L15: K0010430SF | M15: Kendaraan Roda 4 | N15: M. Amin | O15: Staff
B16: KENDARAAN BERMOTOR BERODA DUA | F16: 294155000
A17: 1 | B17: Sepeda Motor | C17: Revo | D17: Diskominfo | E17: Baik | F17: 12225000 | G17: Honda | H17: 2010 | I17: BH 2475 G (ex BH 5890 GZ) | J17: MH1JBC214AK431589 | K17: JBC2E-1420519 | L17: H03406734F | M17: Kendaraan Roda 2 | N17: Nyimas Faiza Amalia, SE | O17: Staff
A18: 2 | B18: Sepeda Motor | C18: NEW VARIO 125 ESP CBS ISS VIN | D18: Diskominfo | E18: Baik | F18: 19300000 | G18: Honda | H18: 2019 | I18: BH 2179 G | J18: MH1JM5118KK410852 | K18: JM51E-1410494 | L18: P06396590F | M18: Kendaraan Roda 2 | N18: Wahono, S.Sos | O18: Staff
A19: 3 | B19: Sepeda Motor | C19: NEW VARIO 125 ESP CBS ISS VIN | D19: Diskominfo | E19: Baik | F19: 19300000 | G19: Honda | H19: 2019 | I19: BH 2180 G | J19: MH1JM5115KK410856 | K19: JM51E-1410489 | L19: P06396591F | M19: Kendaraan Roda 2 | N19: Nur Aisyah, S.Kom | O19: Staff
A20: 4 | B20: Sepeda Motor | C20: NEW VARIO 125 ESP CBS ISS VIN | D20: Diskominfo | E20: Baik | F20: 19300000 | G20: Honda | H20: 2019 | I20: BH 2181 G | J20: MH1JM5114KK410847 | K20: JM51E-1410474 | L20: P06396592F | M20: Kendaraan Roda 2 | N20: Indri Yani, S.Kom | O20: Fungsional Statistik
A21: 5 | B21: Sepeda Motor | C21: NEW VARIO 125 ESP CBS ISS VIN | D21: Diskominfo | E21: Baik | F21: 19300000 | G21: Honda | H21: 2019 | I21: BH 2182 G | J21: MH1JM5118KK410866 | K21: JM51E-1410429 | L21: P-06396593F | M21: Kendaraan Roda 2 | N21: Ramli, SE | O21: BPP
A22: 6 | B22: All New Nmax 155 ABS | C22: NMax | D22: Diskominfo | E22: Baik | F22: 35600000 | G22: Yamaha | H22: 2023 | I22: BH 2382 G | J22: MH3SG5680PK173434 | K22: G38E-1620001 | L22: T04340375F | M22: Kendaraan Roda 2 | N22: Khibti'ah | O22: Kasubbag Umum dan Keuangan
A23: 7 | B23: All New XSR 155 | C23: XSR 125 | D23: Diskominfo | E23: Baik | F23: 39300000 | G23: Yamaha | H23: 2023 | I23: BH 2381 G | J23: MH3RG4760PK059427 | K23: G3S7E-0068038 | L23: T-04340374F | M23: Kendaraan Roda 2 | N23: Virdi Verdian, A.Md | O23: Staff
A24: 8 | B24: Honda CB150 X SE | C24: CB150X STD | D24: Diskominfo | E24: Baik | F24: 31300000 | G24: Honda | H24: 2023 | I24: BH 2390 G | J24: MH1KCE11XPK018132 | K24: KCE1E-1018100 | L24: T-04349762F | M24: Kendaraan Roda 2 | N24: Drs. Saddia Naizal | O24: PPID
A25: 9 | B25: Honda CB150 X SE | C25: CB150X STD | D25: Diskominfo | E25: Baik | F25: 31300000 | G25: Honda | H25: 2023 | I25: BH 2391 G | J25: MH1KCE117PK021554 | K25: KCE1E-1021481 | L25: T04349763F | M25: Kendaraan Roda 2 | N25: Pandapotan Rambe
A26: 10 | B26: Honda CB150 X SE | C26: CB150X STD | D26: Diskominfo | E26: Baik | F26: 31300000 | G26: Honda | H26: 2023 | I26: BH 2392 G | J26: MH1KCE111PK021646 | K26: KCE1E-1021474 | L26: T04349764F | M26: Kendaraan Roda 2 | N26: Khamsa Kamil, A.Md
A27: 11 | B27: All New Nmax 155 ABS | C27: Nmax Neo S 155 ABS | D27: Diskominfo | E27: Baik | F27: 35930000 | G27: Yamaha | H27: 2024 | I27: BH 2899 G | J27: MH3SG5680PK209663 | K27: G3L8E-1924941 | L27: U05219178F | M27: Kendaraan Roda 2 | N27: Fahrul Rozi, A.Md | O27: Bend. Barang

Sheet 17. Diskoperindag
A2: KARTU INVENTARIS BARANG ( KIB )
A3: B. PERALATAN DAN MESIN
A4: Periode Laporan 1900 - 2025
B8: PEMERINTAH PROPINSI | C8: : JAMBI
B9: KABUPATEN/KOTA | C9: : MUARO JAMBI
B10: URUSAN | C10: : URUSAN WAJIB BUKAN PELAYANAN DASAR
B11: BIDANG | C11: : Koperasi, Usaha Kecil dan Menengah
B12: UNIT ORGANISASI | C12: : Dinas Koperasi Usaha Kecil Menengah, Perindustrian dan Perdagangan
A16: no | B16: spesifikasi | C16: spesifikasi lainnya | D16: unit kerja | E16: kondisi | F16: harga | G16: rehab | H16: merk | I16: tahun | J16: no polisi | K16: no rangka | L16: no mesin | M16: no bpkb | N16: keterangan | O16: pengguna
B17: ALAT ANGKUTAN DARAT BERMOTOR | F17: =F18 -> 1889972000
B18: ALAT ANGKUTAN DARAT BERMOTOR | F18: =F19+F22+F24+F27 -> 1889972000
B19: KENDARAAN DINAS BERMOTOR PERORANGAN | F19: =SUM(F20:F21) -> 434791000
A20: 1 | B20: Minibus | D20: DISKOPERINDAG | E20: Baik | F20: 172791000 | H20: Chevrolet Spin1.5L LT MT | I20: 2014 | J20: BH 1253 G EX BH 321 GZ | K20: MJBJF75BOEJO17248 | L20: B15D21113962CB6X0551 | M20: K-06098966 | N20: EX BH 321 GZ | O20: Syamsul Hidayat, SH (Kabid Perdagangan
A21: 2 | B21: Minibus | D21: DISKOPERINDAG | E21: Baik | F21: 262000000 | H21: Toyota New rRush 1.5 S.M/T | I21: 2019 | J21: BH 1058 G | K21: MHKE8FA3JKJ002350 | L21: 2NRF920873 | M21: P-06385761 | O21: Suirman, S.Pd, M.Pd (Kabid Koperasi)
B22: KENDARAAN BERMOTOR PENUMPANG | F22: =F23 -> 285200000
A23: 1 | B23: Mini Bus | C23: Toyota All New Kijang Innova | D23: DISKOPERINDAG | E23: Baik | F23: 285200000 | H23: Toyota Innova | I23: 2016 | J23: BH 1131 G | K23: MHFJW8EM8G2306542 | L23: ITR-A066765 | M23: L-08617696 | O23: A. Mustohari, SE (Sekretaris Dinas)
B24: KENDARAAN BERMOTOR ANGKUTAN BARANG | F24: =SUM(F25:F26) -> 809810000
A25: 1 | B25: Pick Up Double Cabin | D25: DISKOPERINDAG | E25: Baik | F25: 279800000 | H25: Mitsubishi Strada | I25: 2009 | J25: BH 9324 GZ EX BH 440 GZ | K25: MMBJNKB409D021806 | L25: 4D56UCBK2670 | M25: F-7701523 | N25: Mutasi dari Setda Ex Aset ESDM BH 9324 GZ/BH 440 GZ | O25: Irwanto, SE (Kabid Industri)
A26: 2 | B26: Minibus | D26: DISKOPERINDAG | E26: Baik | F26: 530010000 | H26: Toyota Hilux-2.4G 4X4 Double Cabin | I26: 2019 | J26: BH 8010 G | K26: MRCKB8CD4K11210608 | L26: 2GD4623864 | M26: P-06411203 | O26: Harian Todi, SE (Kepala UPTD Metrologi Legal)
B27: KENDARAAN BERMOTOR BERODA DUA | F27: =SUM(F28:F45) -> 360171000
A28: 1 | B28: Sepeda Motor | D28: DISKOPERINDAG | E28: Rusak Berat | F28: 5000000 | H28: Honda Win | I28: 2001 | J28: BH 5056 GZ | K28: MHIHABA101K059682 | L28: HABAE-1059605 | M28: C-1433662 | N28: Rusak Berat
A29: 2 | B29: Sepeda Motor | D29: DISKOPERINDAG | E29: Baik | F29: 16905000 | H29: Honda New Mega Pro STD | I29: 2009 | J29: BH 2450 G EX BH 5821 GZ | K29: MH1KC11159K211221 | L29: KC11E-1213425 | M29: F-8111568 | N29: BH 5821 GZ/BH 2450 G | O29: Nasrul, SE (Pengadministrasian Sarana Pengembangan Usaha)
A30: 3 | B30: Sepeda Motor | D30: DISKOPERINDAG | E30: Baik | F30: 16905000 | H30: Honda New Mega Pro STD | I30: 2009 | J30: BH 5822 GZ | K30: MH1KC11119K211295 | L30: KC11E-1213384 | M30: F-8111545
A31: 4 | B31: Sepeda Motor | D31: DISKOPERINDAG | E31: Baik | F31: 15895000 | H31: Yamaha Jupiter MX CW | I31: 2012 | J31: BH 6118 GZ | K31: MH350C002CK328474 | L31: 5DC-328023 | M31: I-11000528
A32: 5 | B32: Sepeda Motor | D32: DISKOPERINDAG | E32: Baik | F32: 15895000 | H32: Yamaha Jupiter MX CW | I32: 2012 | J32: BH 2609 G | K32: MH350C002CK361993 | L32: 5DC-362049 | M32: I-11000529 | N32: EX BH 6119 GZ
A33: 6 | B33: Sepeda Motor | D33: DISKOPERINDAG | E33: Baik | F33: 15735000 | H33: Yamaha 50c (T135hc) | I33: 2013 | J33: BH 2449 G | K33: MH350C002CK474108 | M33: K-00106173 | N33: EX BH 6193 GZ | O33: Hendry Yansyah, SE (Staf Sekretariat)
A34: 7 | B34: Sepeda Motor | D34: DISKOPERINDAG | E34: Baik | F34: 15735000 | H34: Yamaha 50c (T135hc) | I34: 2013 | J34: BH 2709 G | K34: MH350C002CK478178 | M34: K-00108907 | N34: EX BH 6194 GZ | O34: Soponyono, SE (Penyuluh Perindustrian dan Perdagangan)
A35: 8 | B35: Sepeda Motor | D35: DISKOPERINDAG | E35: Baik | F35: 15735000 | H35: Yamaha 50c (T135hc) | I35: 2013 | J35: BH 6195 GZ | K35: MH350C002CK442597 | M35: K-00108906
A36: 9 | B36: Sepeda Motor | D36: DISKOPERINDAG | E36: Baik | F36: 15735000 | H36: Yamaha 50c (T135hc) | I36: 2013 | J36: BH 4018 G EX BH 6196 GZ | K36: MH350C002CK471193 | L36: 50C471066 | M36: T-00684364 (Ex K-00108905) | N36: EX BH 6196 GZ | O36: Rika Aulia Dewi, ST (Analis Kebijakan)
A37: 10 | B37: Sepeda Motor | D37: DISKOPERINDAG | E37: Baik | F37: 22400000 | H37: Kawasaki/LX 150c(KLX 1503) | I37: 2013 | J37: BH 2707 G EX BH 6201 GZ | K37: MH4LX150CDKP67098 | L37: LX150CEPA3988 | M37: K-00110853 | N37: EX BH 6201 GZ | O37: Antoni, SE (Analis Kebijakan)
A38: 11 | B38: Sepeda Motor | D38: DISKOPERINDAG | E38: Baik | F38: 22400000 | H38: Kawasaki/LX 150c(KLX 1503) | I38: 2013 | J38: BH 2708 G EX BH 6202 GZ | K38: MH4LX150CDKP67096 | L38: LX150CEPA3986 | M38: K-00110854 | N38: EX BH 6202 GZ | O38: Rismawati, SH (Analis Kebijakan)
A39: 12 | B39: Sepeda Motor | D39: DISKOPERINDAG | E39: Baik | F39: 16375000 | H39: Yamaha New JX | I39: 2014 | J39: BH 6533 GZ | K39: MH350C006EK858809 | L39: 5DC-858858 | M39: L-03919471
A40: 13 | B40: Sepeda Motor | D40: DISKOPERINDAG | E40: Baik | F40: 16375000 | H40: Yamaha New JX | I40: 2014 | J40: BH 2448 G | K40: MH350C006EK852121 | L40: 5DC-852178 | M40: L-03919470 | N40: EX BH 6532 GZ | O40: Ermiyani, SE (Pengawas Perdagangan)
A41: 14 | B41: Sepeda Motor | D41: DISKOPERINDAG | E41: Baik | F41: 29185500 | H41: Yamaha Vixion Sport 150 cc | I41: 2019 | J41: BH 2136 G | K41: MH3RG4610JK085375 | L41: G3E7E-D463027 | M41: P-05023794 | O41: Zairudi, SE (Pengawas Perdagangan)
A42: 15 | B42: Sepeda Motor | D42: DISKOPERINDAG | E42: Baik | F42: 34795500 | H42: Yamaha NMAX ABS METIC 155 cc | I42: 2019 | J42: BH 2133 G | K42: MH3SG3180KK069127 | L42: G3E4E-1463149 | M42: P-05018299 | O42: Yenni Puspitasari, SE (Analis Perdagangan)
A43: 16 | B43: Sepeda Motor | D43: DISKOPERINDAG | E43: Baik | F43: 30900000 | H43: Yamaha NMAX ABS METIC 155 cc | I43: 2019 | J43: BH 2174 G | K43: MH3SG3182KK088307 | L43: G3E4E-1696159 | M43: P-06395348 | O43: Yoanna Mizzani A, SH (Penyuluh Perindustrian dan Perdagangan)
A44: 17 | B44: Sepeda Motor | D44: DISKOPERINDAG | E44: Baik | F44: 27100000 | H44: Yamaha NMAX NON ABS METIC 155 cc | I44: 2019 | J44: BH 2175 G | K44: MH3SG3190KJ794907 | L44: G3E4E-1751563 | M44: P-06395349 | O44: Maiwanti, S.Kom (Kasubbag Umum dan Keuangan)
A45: 18 | B45: Sepeda Motor | D45: DISKOPERINDAG | E45: Baik | F45: 27100000 | H45: Yamaha NMAX NON ABS METIC 155 cc | I45: 2019 | J45: BH 2176 G | K45: MH3SG3190KK789105 | L45: G3E4E-1740457 | M45: P-06395350 | O45: Mulyadi, SE (Kasubbag Perencanaan dan Kepegawaian)
F46: =F17 -> 1889972000

Sheet 18. DPMPTSP
A3: KARTU INVENTARIS BARANG ( KIB )
A4: B. PERALATAN MESIN ( KENDARAAN RODA 4 ( EMPAT ) DAN 2 ( DUA )
A7: PEMERINTAH PROVINSI | C7: : JAMBI
A8: KABUPATEN / KOTA | C8: : MUARO JAMBI
A9: UNIT ORGANISASI | C9: : DINAS PENANAMAN MODAL DAN PELAYANAN TERPADU SATU PINTU
A10: no | B10: spesifikasi | C10: spesifikasi_lainnya | D10: unit_kerja | E10: kondisi | F10: harga | G10: merk | H10: tahun | I10: no_polisi | J10: no_rangka | K10: no_bpkb | L10: No_Mesin | M10: keterangan | N10: Pengguna | O10: Usulan Lelang
B11: KENDARAAN BERMOTOR PENUMPANG | F11: 805700000
B12: Pick Up Double Cabin | D12: Dinas Pendidikan dan Kebudayaan | E12: Baik | F12: 299800000 | G12: Mitsubishi Strada | H12: 2009 | I12: BH 8113 G (EX BH 9326 GZ) | J12: MMBJN2409D033303 | K12: 4D56UCBL7100 | L12: F-8112119 | M12: Mutasi dari Dinas Pendidikan dan kebudayaan | N12: Kepala Dinas (Alias, SH, MH)
A13: 1 | B13: Minibus | D13: DPMPTSP | E13: RR | F13: 105000000 | G13: Toyota KF80 | H13: 2003 | I13: BH 1158 G (Ex BH 69 GZ/BH 1718 GZ/BH 390 GZ) | J13: MHF11KF8030078016 | K13: C-5139029 | O13: Usulan Lelang 2026
A14: 2 | B14: Minibus | D14: DPMPTSP | E14: Baik | F14: 222700000 | G14: Toyota Kijang Innova G Manual | H14: 2012 | I14: BH 1106 G (Ex BH 1145 GZ/BH 39 GZ) | J14: MHFXW42G4C2226795 | K14: I-10608674 | N14: Kabid Penanaman Modal (Noverdo Endarsyah, S.IP.MH)
A15: 3 | B15: Minibus | D15: DPMPTSP | E15: Baik | F15: 239000000 | G15: Mitsubishi Expander 1,5 L | H15: 2019 | I15: BH 1062 G | J15: MK2NCWHAPKJ002651 | K15: P-06386652 | N15: Sekretaris (Ikhsan Maskuri, Sos)
A16: 4 | B16: Minibus | D16: DPMPTSP | E16: Baik | F16: 239000000 | G16: Mitsubishi Expander | H16: 2019 | I16: BH 1063 G | J16: MK2MCMWHARKJ001963 | K16: P-06386687 | N16: Kabid Pelayanan (Agoes Sukarman, SE)
B17: KENDARAAN BERMOTOR ANGKUTAN BARANG | F17: 433000000
A18: 5 | B18: Double Cabin | D18: DPMPTSP | E18: Baik | F18: 433000000 | G18: New Hilux Double Cabin 2 G (4x4) | H18: 2020 | I18: BH 8014 G | J18: MROKB8CD3L1125087 | K18: P-07670072 | M18: MUTASI KE SETDA ADC BUPATI (2025)
B19: KENDARAAN BERMOTOR BERODA DUA | F19: 238235500
A20: 1 | B20: Sepeda Motor | D20: DPMPTSP | E20: Baik | F20: 13006700 | G20: Honda New Megapro Cw | H20: 2012 | I20: BH 2760 G (Ex BH 6124 GZ) | J20: MH1JF8118CK495026 | K20: I-11002900 | N20: Analis Kebijakan (Rizki Iryawan)
A21: 2 | B21: Sepeda Motor | D21: DPMPTSP | E21: Baik | F21: 17707200 | G21: Honda New Megapro Cw | H21: 2012 | I21: BH 2725 G (Ex BH 6123 GZ) | J21: MH1KC3116CK194660 | K21: I-11002356 | N21: Penata Perizinan Ahli Pertama (EKO YULI PURWANTO,S.IP)
A22: 3 | B22: Sepeda Motor | D22: DPMPTSP | E22: Baik | F22: 17707200 | G22: Honda New Megapro Cw | H22: 2012 | I22: BH 2757 G (Ex BH 6122 GZ) | J22: MH1KC3114CK194656 | K22: I-11002357 | N22: Penata Perizinan Ahli Pertama (SISWANTO,SE)
A23: 4 | B23: Sepeda Motor | D23: DPMPTSP | E23: Baik | F23: 17707200 | G23: Honda New Megapro Cw | H23: 2012 | I23: BH 2763 G (Ex BH 6121 GZ) | J23: KC3110CK194671 | K23: I-11002358 | N23: Penata Perizinan Ahli Pertama (DION KURNIADI,SE
A24: 5 | B24: Sepeda Motor | D24: DPMPTSP | E24: Baik | F24: 17707200 | G24: Honda New Megapro Cw | H24: 2012 | I24: BH 2762 G (Ex BH 6120 GZ) | J24: KC3119CK194667 | K24: I-11002202 | N24: Analis Kebijakan (TAUFIK,HS,SH)
A25: 6 | B25: Sepeda Motor | D25: DPMPTSP | E25: Baik | F25: 19300000 | G25: Honda Vario 125 cc | H25: 2019 | I25: BH 2165 G | J25: MHIJM5116KK402806 | K25: P-06390273 | N25: Penata Perizinan Ahli Pertama (HAKIKI SHIBLY,SH.MH)
A26: 7 | B26: Sepeda Motor | D26: DPMPTSP | E26: Baik | F26: 19300000 | G26: Honda Vario 125 cc | H26: 2019 | I26: BH 2163 G | J26: MHIJM5119KK402835 | K26: P-06390271 | N26: Staf Fungsional (AHMAD IRAWAN FADLI)
A27: 8 | B27: Sepeda Motor | D27: DPMPTSP | E27: Baik | F27: 19300000 | G27: Honda Vario 125 cc | H27: 2019 | I27: BH 2162 G | J27: MHIJM5119KK402842 | K27: P-06390270 | N27: Penata Perizinan Ahli Pertama (Ainiah, SE)
A28: 9 | B28: Sepeda Motor | D28: DPMPTSP | E28: Baik | F28: 19300000 | G28: Honda Vario 125 cc | H28: 2019 | I28: BH 2161 G | J28: MHIJM5112KK401404 | K28: P-06390269 | N28: Analis Kebijakan (FEBRINA JUSMITA,SP)
A29: 10 | B29: Sepeda Motor | D29: DPMPTSP | E29: Baik | F29: 19300000 | G29: Honda Vario 125 cc | H29: 2019 | I29: BH 2160 G | J29: MHIJM5113KK401802 | K29: P-06390268 | N29: Kasubbag Umum dan Keuangan (DIAN YEVITA,SE)
A30: 11 | B30: Sepeda Motor | D30: DPMPTSP | E30: Baik | F30: 19300000 | G30: Honda Vario 125 cc | H30: 2019 | I30: BH 2159 G | J30: MHIJM5112KK402830 | K30: P-06390267 | N30: Penata Perizinan Ahli Pertama (FITRIANI,SE)
A31: 12 | B31: Sepeda Motor | D31: DPMPTSP | E31: Baik | F31: 19300000 | G31: Honda Vario 125 cc | H31: 2019 | I31: BH 2158 G | J31: MH1JM511TKK403014 | K31: P-06390266 | N31: Staff Fungsional (SAFE'I SAAT,SE)
A32: 13 | B32: Sepeda Motor | D32: DPMPTSP | E32: Baik | F32: 19300000 | G32: Honda Vario 125 cc | H32: 2019 | I32: BH 2164 G | J32: MHIJM5116KK401406 | K32: P-06390272 | N32: Penata Perizinan Ahli Muda (Ardiansyah, S.Sos)
B34: ASET LAIN-LAIN (Status Tidak Laku Lelang)
A35: 284 | B35: 1.5.4.01.01.01.002 | C35: Micro bus | D35: Ford Ranger | E35: 2.12.01.00 | F35: Dinas Penanaman Modal dan Pelayanan Terpadu Satu Pintu | G35: 1462230 | H35: ##### | I35: Rusak Ringan | J35: 353111000 | K35: 0 | O35: 2013 | R35: Unit | S35: 1 | T35: 0 | V35: BH 9351 GZ | Y35: 0 | AE35: APBD | AF35: Dana DAK

Sheet 19. DPAD
A3: KARTU INVENTARIS BARANG ( KIB )
A4: B. PERALATAN MESIN ( KENDARAAN RODA 4 ( EMPAT ) DAN 2 ( DUA )
A7: PEMERINTAH PROVINSI | C7: : JAMBI
A8: KABUPATEN / KOTA | C8: : MUARO JAMBI
A9: UNIT ORGANISASI | C9: : DINAS PERPUSTAKAAN DAN ARSIP DAERAH
A10: no | B10: spesifikasi | C10: spesifikasi_lainnya | D10: unit_kerja | E10: kondisi | F10: harga | G10: merk | H10: tahun | I10: no_polisi | J10: no_rangka | K10: no-mesin | L10: no_bpkb | M10: keterangan | N10: Pengguna | O10: Jabatan Pengguna
B11: KENDARAAN BERMOTOR PENUMPANG | F11: 488900000
A12: 1 | B12: Minibus | C12: TBR541 LV25 | D12: DPAD | E12: Baik | F12: 85000000 | G12: Isuzu | H12: 2001 | I12: BH 1338 G (Ex. BH 530 GZ) | J12: MHCTBR54F1K207903 | K12: E207903 | L12: B-0380991 | M12: Dari SKPD Lama PDE, Perpust dan Arda | N12: Joni Erlintas, M.PD | O12: Sekretaris Dinas
A13: 2 | B13: Minibus | C13: Spin 1,5 L LT/MT | D13: DPAD | E13: RB | F13: 192500000 | G13: Chevrolet | H13: 2014 | I13: BH 1233 G (Ex. BH 25 G) | J13: MJBJF7590EJ014716 | K13: Y13DTC5057282 | L13: K-06091999 | M13: Usulan Lelang 2026
A14: 3 | B14: Suzuki | C14: Ertiga Diesel Hybrid | D14: DPAD | E14: Baik | F14: 211400000 | G14: Suzuki | H14: 2018 | I14: BH 1027 G | J14: MA3PZEK1SH0453127 | K14: D13A-5411355 | L14: M11830615F | N14: Adi, SH, MH | O14: Kepala Bidang Arsip
B15: KENDARAAN BERMOTOR BERODA DUA | F15: 248337415
A16: 1 | B16: Sepeda Motor | C16: Supra x 125 helm-in CM | D16: DPAD | E16: Baik | F16: 14500000 | G16: Honda | H16: 2011 | I16: BH 2354 G (Ex. BH 6283 GZ) | J16: MH1JBG117CK083685 | K16: JBG1E1082148 | L16: K-03767442 | M16: Dari SKPD Lama PDE, Perpust dan Arda | N16: Yessi Erlian, SE | O16: Arsiparis Muda
A17: 2 | B17: Sepeda Motor | C17: SUPRA X 125 HELM-IN FI | D17: DPAD | E17: Baik | F17: 14667415 | G17: Honda | H17: 2013 | I17: BH 2577 G (Ex. BH 6283 GZ) | J17: MH11BF117BR032681 | K17: IBF1E1031724 | L17: K03767442F | M17: Dari SKPD Lama PDE, Perpust dan Arda | N17: Farup Fairi | O17: Pengadministrasi Perkantoran
A18: 3 | B18: Sepeda Motor | C18: All New NMAX 155 | D18: DPAD | E18: Baik | F18: 30145000 | G18: Yamaha | H18: 2022 | I18: BH 2370 G | J18: MH3SG5620NK699194 | K18: G3L8E-1442484 | L18: T01477749F | N18: Isyatul Mardiah, S.Kom | O18: Pustakawan Muda
A19: 4 | B19: Sepeda Motor | C19: All New NMAX 155 | D19: DPAD | E19: Baik | F19: 30145000 | G19: Yamaha | H19: 2022 | I19: BH 2372 G (Ex BH 8375 GZ) | J19: MH3SG5620NK699206 | K19: G3L8E-1442501 | L19: T01477751 | N19: Sri Lestari, S.Sos | O19: Arsiparis Muda
A20: 5 | B20: Sepeda Motor | C20: All New NMAX 155 | D20: DPAD | E20: Baik | F20: 30145000 | G20: Yamaha | H20: 2022 | I20: BH 2374 G | J20: MH3SG5620NK699188 | K20: G3L8E-1442480 | L20: T01477753F | N20: Noverta Rahmat, SH | O20: Penelaah Teknis Kebijakan
A21: 6 | B21: Sepeda Motor | C21: All New NMAX 155 | D21: DPAD | E21: Baik | F21: 30145000 | G21: Yamaha | H21: 2022 | I21: BH 2373 G | J21: MH3SG5620NK698725 | K21: G3L8E-1442495 | L21: T01477752F | N21: Siti Mardiah | O21: Pengadministrasi Perkantoran
A22: 7 | B22: Sepeda Motor | C22: All New NMAX 155 | D22: DPAD | E22: Baik | F22: 30145000 | G22: Yamaha | H22: 2022 | I22: BH 2371 G | J22: MH3SG5620NK699199 | K22: G3L8E-1442499 | L22: T01477750F | N22: Rudiansyah, SH | O22: Penelaah Teknis Kebijakan
A23: 8 | B23: Kendaraan Bemotor | C23: ALL NEW NMEX 155 ABS | D23: DPAD | E23: Baik | F23: 35720000 | G23: Yamaha | H23: 2023 | I23: BH 2849 G | J23: MH3SG5680PK212199 | K23: G3L8E-1941183 | L23: U-02056247 | N23: Dessi Sriani, SE | O23: Kasubbag Umum dan Keuangan
A24: 9 | B24: Sepeda Motor | C24: NMAX NEO S VERSION | D24: DPAD | E24: Baik | F24: 32725000 | G24: Yamaha | H24: 2024 | I24: BH 2914 G | J24: MH3SG9310RK032062 | K24: G3V5E-0097297 | L24: V-01680434 | N24: Betti Aryani | O24: Pustakawan Muda
B25: KENDARAAN BERMOTOR KHUSUS | F25: 172500000
A26: 1 | B26: Kendaraan Perpustakaan Keliling | C26: Hilux 2.0 L/MT | D26: DPAD | E26: Baik | F26: 172500000 | G26: Toyota | H26: 2010 | I26: BH 8103 G, Ex. BH 9189 PQU | J26: NIRDAW126440022699 | K26: 1TR6952863 | L26: H-04840604 | M26: Dari SKPD Lama PDE, Perpust dan Arda | N26: Yanti, S.Pd | O26: Kabid Perpustakaan/Yanti,S.Pd

Sheet 20. Diskan
A3: KARTU INVENTARIS BARANG ( KIB )
A4: B. PERALATAN MESIN ( KENDARAAN RODA 4 ( EMPAT ) DAN 2 ( DUA )
A7: PEMERINTAH PROVINSI | C7: : JAMBI
A8: KABUPATEN / KOTA | C8: : MUARO JAMBI
A9: UNIT ORGANISASI | C9: : DINAS PERIKANAN
A10: no | B10: spesifikasi | C10: spesifikasi lainnya | D10: unit kerja | E10: kondisi | F10: harga | G10: merk | H10: tahun | I10: no polisi | J10: no rangka | K10: no_mesin | L10: no bpkb | M10: keterangan | N10: Pengguna | O10: Nama Peminjam | P10: Tanggal Peminjaman | Q10: Nama yang mengembalikan | R10: tangal pengembalian | S10: Pengguna/ Pemakai Kendaraan | T10: kondisi 2
B11: KENDARAAN BERMOTOR PENUMPANG | F11: =F12 -> 186000000
A12: 1 | B12: Minibus | C12: Minibus | D12: Dinas Perikanan | E12: Baik | F12: 186000000 | G12: Daihatsu Terios | H12: 2011 | I12: BH 1293 G EXS BH 1136 GZ | J12: MHKG2CJ2JBK050965 | K12: DCJ4048 | L12: I-05374034 | M12: Dinas Perikanan | N12: Andy Afrizal, S.St.Pi | S12: Oktarinda/ Plt. Kabid Perairan Umum | T12: Rusak Ringan/ bengkel
B13: KENDARAAN BERMOTOR ANGKUTAN BARANG | F13: =SUM(F14:F19) -> 1416874000
A14: 2 | B14: Pick Up | C14: Double Cabin | D14: Dinas Perikanan | E14: Baik | F14: 156000000 | G14: Toyota Hi Lux | H14: 2007 | I14: BH 8112 G exs BH 9320 GZ | J14: MROAW12G670005895 | K14: 1TR-6433886 | L14: F-2415817 | M14: Proses Lelang | S14: Ditarik ke rumah dinas Wakil Bupati
A15: 3 | B15: Pick Up | C15: Pick Up | D15: Dinas Perikanan | E15: Baik | F15: 108500000 | G15: Mitsubishi Colt T 120 SS | H15: 2010 | I15: BH 8114 G exs BH 9333 GZ | J15: MHMU5TU2EAK039656 | K15: 4G15-F82502 | L15: H-04031405 | M15: BBI Tempino | N15: Kasyono, S.Pi | S15: Kasyono/ Kepala BBI Tempino
A16: 4 | B16: Pick Up Double Cabin | C16: Pick Up Double Cabin | D16: Dinas Perikanan | E16: Baik | F16: 300000000 | G16: Mitsubishi Strada Triton 4 WD | H16: 2011 | I16: BH 8143 G exs bh 313 GZ | J16: MMBJNKB70CD005574 | K16: 4M40UAC6143 | L16: I-05374048 | M16: Dinas Perikanan | N16: Dwiana Ambarsari, S.Pt | S16: Azwan Assazali/ Kabid Budidaya | T16: Rusak Ringan
A17: 5 | B17: Pick Up | C17: Pick Up | D17: Dinas Perikanan | E17: Baik | F17: 347650000 | G17: Toyota Hi Lux Double Cabin | H17: 2012 | I17: BH 8092 G exs BH 9349 GZ | J17: MROFR 22GXCO615702 | K17: 2KD-S073254 | L17: J-03567165 | M17: Dinas Perikanan | N17: M. Azwan Assazali, SE | S17: Mutasi Ke Kominfo
A18: 6 | B18: Double Cabin | C18: Double Cabin | D18: Dinas Perikanan | E18: Baik | F18: 379724000 | G18: Ford Ranger/biru | H18: 2015 | I18: BH 8139 G exs BH 9358 GZ | J18: MNBLMFF80FW402610 | K18: P4AT2001473 | L18: L-01852683 | M18: Dinas Perikanan | N18: Drs. Fahmi Julira | S18: Mutasi ke DAMKAR
A19: 7 | B19: Kendaraan Operasional | C19: Kendaraan Operasional | D19: Dinas Perikanan | E19: Baik | F19: 125000000 | G19: SUZUKI / GC415 4X2 MT | H19: 2016 | I19: BH 8104 G exs B 9107 PTB | J19: MHYGDN41TGJ426406 | K19: 615A1O380538 | L19: M-08283719 | M19: Dinas Perikanan | N19: H.M. Yanto, SP | S19: M. Yanto/ Fungsional Teknis | T19: baik
B20: KENDARAAN BERMOTOR BERODA DUA | F20: =SUM(F21:F44) -> 471918000
A21: 1 | B21: Sepeda motor | C21: Sepeda motor | D21: Dinas Perikanan | E21: Baik | F21: 4000000 | G21: Honda Win | H21: 1999 | I21: BH 5067 BZ | J21: MHIHABA18XKO40967 | M21: Lelang | S21: tidak diketahui/ tidak ada digudang
A22: 2 | B22: Sepeda motor Roda 2 D. Khusus | C22: Sepeda motor Roda 2 D. Khusus | D22: Dinas Perikanan | E22: Baik | F22: 17400000 | G22: Yamaha Jupiter mX | H22: 2008 | I22: BH 5747 GZ | J22: MH31S70048K471102 | K22: 1S7-471274 | L22: F-6255827 | M22: Proses Lelang | S22: digudang | T22: rusak berat
A23: 3 | B23: Sepeda motor Roda 2 D. Khusus | C23: Sepeda motor Roda 2 D. Khusus | D23: Dinas Perikanan | E23: Baik | F23: 17400000 | G23: Yamaha Jupiter mX | H23: 2008 | I23: BH 5749 GZ | J23: MH31S70048K453883 | K23: 1S7-453569 | L23: F-6255965 | M23: Proses Lelang | S23: digudang | T23: rusak berat
A24: 4 | B24: Sepeda motor Roda 2 D. Khusus | C24: Sepeda motor Roda 2 D. Khusus | D24: Dinas Perikanan | E24: Baik | F24: 17400000 | G24: Yamaha Jupiter mX | H24: 2008 | I24: BH 2597 G exs BH 5750 GZ | J24: MH31S70048K452208 | K24: 1S7-452274 | L24: F-6255905 | M24: Dinas Perikanan | N24: Vera Umami | S24: Vera Umami/ Petugas kebersihan kantor
A25: 5 | B25: Sepeda motor Roda 2 D. Khusus | C25: Sepeda motor Roda 2 D. Khusus | D25: Dinas Perikanan | E25: Baik | F25: 23000000 | G25: Yamaha V-IXION | H25: 2008 | I25: BH 2568 G exs BH 5744 GZ | J25: MH33C10028K116480 | K25: 3C1-117241 | L25: F-6255826 | M25: Dinas Perikanan | N25: M. Arifin | S25: Aripin/ staf (PPPK)
A26: 6 | B26: Sepeda motor Roda 2 D. Khusus | C26: Sepeda motor Roda 2 D. Khusus | D26: Dinas Perikanan | E26: Baik | F26: 23000000 | G26: Yamaha V-IXION | H26: 2008 | I26: BH 5745 GZ | J26: MH3C10028K116407 | L26: 6255828 | M26: Proses Lelang | S26: digudang | T26: rusak berat
A27: 7 | B27: Sepeda motor | C27: Sepeda motor | D27: Dinas Perikanan | E27: Baik | F27: 14300000 | G27: Honda Supra X 125 | H27: 2011 | I27: BH 2616 G exs BH 6066 GZ | J27: MH1JB9123BK858549 | K27: JB91E-2849237 | L27: I-05805007 F | M27: Dinas Perikanan | N27: Hendra Sakti, S.Pt | S27: hendra sakti/ staf (PPPK)
A28: 8 | B28: Sepeda motor | C28: Sepeda motor | D28: Dinas Perikanan | E28: Baik | F28: 14300000 | G28: Honda Supra X 125 | H28: 2011 | I28: BH 2596 G exs BH 6067 GZ | J28: MH1JB9129BK858538 | K28: JB91E-2849635 | L28: I-05805006 F | M28: Dinas Perikanan | N28: Uzairah, S.Pt, M.Si | S28: uzairah/ fungsional Teknis
A29: 9 | B29: Sepeda motor | C29: Sepeda motor | D29: Dinas Perikanan | E29: Baik | F29: 21350000 | G29: Kawassaki | H29: 2012 | I29: BH 2733 G exs BH 6179 GZ | J29: MH4LX150CCKP61105 | K29: LX150CEP95641 | L29: J-04077354 | M29: Dinas Perikanan | N29: Ilham Guntur Taruna Utama, S.Tr.Pi | S29: ilham/ staf (honorer)
A30: 10 | B30: Kendaraan Roda 2 | C30: Kendaraan Roda 2 | D30: Dinas Perikanan | E30: Baik | F30: 13200000 | G30: Yamaha Mio Soul | H30: 2013 | I30: BH 2532 G exs BH 6238 GZ | J30: MH31KP001DK376897 | K30: 1KP-376906 | L30: K-02032992 | M30: Dinas Perikanan | N30: Widia Wati | S30: widiawati/ staf (PPPK) | T30: dikadis
A31: 11 | B31: Kendaraan Roda 2 | C31: Kendaraan Roda 2 | D31: Dinas Perikanan | E31: Baik | F31: 13200000 | G31: Yamaha Mio Soul | H31: 2013 | I31: BH 2530 G exs BH 6243 GZ | J31: MH31KP001DK328049 | K31: 1KP-328149 | L31: K-02033054 | M31: Dinas Perikanan | N31: Oktarinda, S.Pt | S31: oktarinda/ Fungsional Teknis
A32: 12 | B32: Kendaraan Roda 2 | C32: Kendaraan Roda 2 | D32: Dinas Perikanan | E32: Baik | F32: 14320000 | G32: Yamaha Jupiter Z 1 | H32: 2013 | I32: BH 2729 G exs BH 6237 GZ | J32: MH31DY002DJ137878 | K32: IDY-137895 | L32: K-02032993 | M32: Dinas Perikanan | N32: Siti Aisyah, SE | S32: siti aisyah/ staf (PPPK)
A33: 13 | B33: Kendaraan Roda 2 | C33: Kendaraan Roda 2 | D33: Dinas Perikanan | E33: Baik | F33: 14320000 | G33: Yamaha Jupiter Z 1 | H33: 2013 | I33: BH 2773 G exs BH 6236 GZ | J33: MH 31DY002DJ150211 | K33: 1DY-150238 | L33: K-02032994 | M33: Dinas Perikanan | N33: David Saputra, S.Pi | S33: david/ bend. gaji | T33: RB
A34: 14 | B34: Kendaraan Roda 2 | C34: Kendaraan Roda 2 | D34: Dinas Perikanan | E34: Baik | F34: 29075000 | G34: Yamaha Scorpio | H34: 2013 | I34: BH 2771 G exs BH 6242 GZ | J34: MH354D003DK044392 | K34: 54D-044411 | L34: K-02033053 | M34: Dinas Perikanan | N34: Dadang Kusmihadi, S.Pi | S34: dadang/ Bend. barang
A35: 15 | B35: Kendaraan Roda 2 | C35: Kendaraan Roda 2 | D35: Dinas Perikanan | E35: Baik | F35: 29075000 | G35: Yamaha Scorpio | H35: 2013 | I35: BH 2732 G exs BH 6230 GZ | J35: MH354D002CK031518 | K35: 54D-031576 | L35: K-01756746 | M35: BBI Tempino | N35: Muntazir Muhammad Al Madani | S35: dhani/ staf BBI (Honorer)
A36: 16 | B36: Kendaraan Roda 2 | C36: Kendaraan Roda 2 | D36: Dinas Perikanan | E36: Baik | F36: 21500000 | G36: Yamaha Vixion | H36: 2013 | I36: BH 2731 G | J36: MH31PA002DK138641 | L36: K-02032990 | M36: Dinas Perikanan | N36: Leni Marlina, SE | S36: leni marlina/ bend penerimaan
A37: 17 | B37: Kendaraan Roda 2 | C37: Kendaraan Roda 2 | D37: Dinas Perikanan | E37: Baik | F37: 21500000 | G37: Yamaha Vixion | H37: 2013 | I37: BH 2770 G exs BH 6239 GZ | J37: MH31PA002DK126627 | K37: 1PA-125897 | L37: K-02032991 | M37: Dinas Perikanan | N37: Nanang Dwiharmoko, A.Md | S37: andy afrizal/ fungsional teknis
A38: 18 | B38: Kendaraan Roda 2 | C38: Kendaraan Roda 2 | D38: Dinas Perikanan | E38: Baik | F38: 21500000 | G38: Yamaha Vixion | H38: 2013 | I38: BH 2531 G exs BH 6235 GZ | J38: MH31PA002DK138637 | K38: 1PA-138737 | L38: K-02032995 | M38: Dinas Perikanan | N38: M.Fikri, ST | S38: m. fikri/ staf (PPPK)
A39: 19 | B39: Kendaraan Roda 2 | C39: Kendaraan Roda 2 | D39: Dinas Perikanan | E39: Baik | F39: 21500000 | G39: Yamaha Vixion | H39: 2013 | I39: BH 2726 G exs BH 6241 GZ | J39: MH31PA002DK138615 | K39: 1PA-138092 | L39: K-02033052 | M39: Dinas Perikanan | N39: Luqman, S.Pi | S39: dwiana ambarsari/ Kasubag Keuangan | T39: dipenyuluh
A40: 20 | B40: Kendaraan Roda 2 | C40: Kendaraan Roda 2 | D40: Dinas Perikanan | E40: Baik | F40: 21500000 | G40: Yamaha Vixion | H40: 2013 | I40: BH 2728 G exs BH 6234 GZ | J40: MH31PA002DK138633 | K40: 1PA-138731 | L40: K-02033074 | M40: Dinas Perikanan | N40: LH. Tri Hartoyo | S40: lh tryhartoyo/ staf (PPPK)
A41: 21 | B41: Kendaraan Roda 2 | C41: Kendaraan Roda 2 | D41: Dinas Perikanan | E41: Baik | F41: 13354000 | G41: Yamaha / 5D9 (Vega ZR) | H41: 2013 | I41: BH 6234 GZ | M41: Lelang
A42: 22 | B42: Kendaraan Bermotor Beroda Dua | C42: Honda | D42: Dinas Perikanan | E42: Baik | F42: 27804000 | G42: Honda/VARIO 160 ABS | H42: 2024 | I42: BH 2859 G | J42: MH1KFA11XRK212050 | K42: KFA1E-1211930 | L42: U-02065868 | M42: Dinas Perikanan | N42: Ambo Herzana, A.Md | S42: ambo herzana/ perencana
A43: 23 | B43: Kendaraan Bermotor Beroda Dua | C43: Yamaha | D43: Dinas Perikanan | E43: Baik | F43: 28100000 | G43: Yamaha/ All New Aerox 155 | H43: 2025 | I43: BH 2935 G | J43: MH3SG6410SJ557832 | K43: G3P2E-0711368 | L43: V-06982750 | M43: Dinas Perikanan | N43: M. Ridwan. S, SE | S43: ridwan/ bendahara pengeluaran | T43: baik
A44: 24 | B44: Kendaraan Bermotor Beroda Dua | C44: Yamaha | D44: Dinas Perikanan | E44: Baik | F44: 29820000 | G44: Yamaha/ Aerox Alpha | H44: 2025 | I44: BH 2934 G | J44: MH3SG9770SJ038387 | K44: G3W1E-0047628 | L44: V-06982748 | M44: Dinas Perikanan | N44: M. Afrizal, S.Pi | S44: afrizal/ penyuluh | T44: baik

Sheet 21. Disparpora
A2: KARTU INVENTARIS BARANG ( KIB )
A3: B. PERALATAN DAN MESIN
A4: Periode Laporan 1900 - 2025
B8: PEMERINTAH PROPINSI | C8: : JAMBI
B9: KABUPATEN/KOTA | C9: : MUARO JAMBI
B10: URUSAN | C10: : URUSAN PILIHAN
B11: BIDANG | C11: : Pariwisata
B12: UNIT ORGANISASI | C12: : Dinas Pariwisata, Kepemudaan dan Olahraga
A16: no | B16: spesifikasi | C16: spesifikasi lainnya | D16: unit kerja | E16: kondisi | F16: harga | G16: merk | H16: tahun | I16: no polisi | J16: no rangka | K16: no mesin | L16: no bpkb | M16: keterangan | N16: pengguna
B17: PERALATAN DAN MESIN | F17: =F18 -> 599479000
B18: ALAT ANGKUTAN DARAT BERMOTOR | F18: =F19 -> 599479000
B19: ALAT ANGKUTAN DARAT BERMOTOR | F19: =F20+F22+F24 -> 599479000
B20: KENDARAAN DINAS BERMOTOR PERORANGAN | F20: =F21 -> 285200000
